case_id,pass_name,section,family,persona,player,response,auto_flags,relevant_0_1,intelligible_0_1,villager_voice_0_1,persona_consistent_0_1,acceptable_0_1,notes
core_001,greedy,core,greeting,Rowan | shepherd | Minoc | cheerful and good-natured,Hello.,hello there,,,,,,,
core_002,greedy,core,greeting,Greta | farmer | Yew | practical and friendly,Hello there.,hello there,,,,,,,
core_003,greedy,core,greeting,Bram | blacksmith | Britain | gruff but fair,Good morning.,good morning / i hope the town is content,,,,,,,
core_004,greedy,core,greeting,Elsbeth | baker | Cove | warm and talkative,Good evening.,good night / sleep well,greeting_miss,,,,,,
core_005,greedy,core,greeting,Duncan | merchant | Jhelom | proud of your work,Howdy.,then i am not so shy,greeting_miss,,,,,,
core_006,greedy,core,greeting,Nora | weaver | Skara Brae | quiet and content,Greetings.,a good greeting,greeting_miss,,,,,,
core_007,greedy,core,greeting,Walter | farmer | Britain | talkative,Hi there.,hello there,,,,,,,
core_008,greedy,core,greeting,Thalia | sailor | Serpent's Hold | tough and plain-spoken,Well met.,well met,,,,,,,
core_009,greedy,core,farewell,Mildred | weaver | Skara Brae | cheerful,Goodbye.,farewell / go safely,,,,,,,
core_010,greedy,core,farewell,Pip | miner | Minoc | cheerful and friendly,Bye for now.,goodbye friend,,,,,,,
core_011,greedy,core,farewell,Silas | cobbler | Vesper | patient,See you later.,until later then,,,,,,,
core_012,greedy,core,farewell,Isadora | brewer | Trinsic | gentle,I should be going.,thou art aplenter in this town,farewell_miss,,,,,,
core_013,greedy,core,farewell,Aldric | fisherman | Cove | calm and observant,Farewell.,safe travels,,,,,,,
core_014,greedy,core,farewell,Clara | alchemist | Moonglow | curious but humble,Take care.,take care of yourself / thou wilt be double,,,,,,,
core_015,greedy,core,farewell,Finn | guard | Yew | stern and dutiful,Until next time.,until next time,exact_player_echo;farewell_miss,,,,,,
core_016,greedy,core,farewell,Hilda | beekeeper | Vesper | practical,Good night.,rest well friend,,,,,,,
core_017,greedy,core,gratitude,Ulric | carpenter | Yew | particular about your tools,Thank you.,glad i could help,,,,,,,
core_018,greedy,core,gratitude,Marta | provisioner | Britain | cheerful and brisk,Thanks for the help.,thou art welcome,,,,,,,
core_019,greedy,core,gratitude,Cedric | leathermaker | Vesper | reserved and skilled,Much appreciated.,aye thou art welcome,,,,,,,
core_020,greedy,core,gratitude,Tobias | mason | Skara Brae | quiet and steady,That was kind of you.,i am welcome to the attempt,,,,,,,
core_021,greedy,core,gratitude,Quilla | banker | Minoc | boastful and loud,I owe you one.,i am no smith / that is the price of honesty,gratitude_ack_miss,,,,,,
core_022,greedy,core,gratitude,Gareth | hunter | Minoc | blunt and patient,Cheers for that.,cheers / what is common,gratitude_ack_miss,,,,,,
core_023,greedy,core,gratitude,Rachel | healer | Britain | patient and compassionate,You've been helpful.,i have no knowledge of how i am a healer,gratitude_ack_miss,,,,,,
core_024,greedy,core,gratitude,Sybil | cooper | Jhelom | friendly and curious,I appreciate it.,glad i could help,,,,,,,
core_025,greedy,core,compliment,Rowan | shepherd | Minoc | cheerful and good-natured,That's kind of you.,i thank thee / the road thither is long pray be cautious,,,,,,,
core_026,greedy,core,compliment,Greta | farmer | Yew | practical and friendly,Nice work.,thank thee kindly,,,,,,,
core_027,greedy,core,compliment,Bram | blacksmith | Britain | gruff but fair,You're helpful.,i thank thee / tis said / tis honest work and i ask no more,,,,,,,
core_028,greedy,core,compliment,Elsbeth | baker | Cove | warm and talkative,Good to see you.,good to see thee as well,,,,,,,
core_029,greedy,core,compliment,Duncan | merchant | Jhelom | proud of your work,I like your work.,glad to see thee,,,,,,,
core_030,greedy,core,compliment,Nora | weaver | Skara Brae | quiet and content,You're a decent sort.,i am a alchemist,profession_drift:alchemist,,,,,,
core_031,greedy,core,compliment,Walter | farmer | Britain | talkative,You seem friendly.,i have no regrets,,,,,,,
core_032,greedy,core,compliment,Thalia | sailor | Serpent's Hold | tough and plain-spoken,That was well done.,i thank thee,,,,,,,
core_033,greedy,core,apology,Mildred | weaver | Skara Brae | cheerful,Sorry about that.,no need to apologize,,,,,,,
core_034,greedy,core,apology,Pip | miner | Minoc | cheerful and friendly,My apologies.,apology accepted,,,,,,,
core_035,greedy,core,apology,Silas | cobbler | Vesper | patient,I did not mean to offend.,i am no smith / thou didst say it plain,,,,,,,
core_036,greedy,core,apology,Isadora | brewer | Trinsic | gentle,Forgive me.,i forgive thee / tis forgotten,,,,,,,
core_037,greedy,core,apology,Aldric | fisherman | Cove | calm and observant,"Sorry, I was rude.",no harm done,,,,,,,
core_038,greedy,core,apology,Clara | alchemist | Moonglow | curious but humble,I spoke too harshly.,we all make mistakes / we all make mistakes,,,,,,,
core_039,greedy,core,apology,Finn | guard | Yew | stern and dutiful,Pardon me.,pardon / i know not,,,,,,,
core_040,greedy,core,apology,Hilda | beekeeper | Vesper | practical,I should not have said that.,think nothing more of it,,,,,,,
core_041,greedy,core,introduction,Ulric | carpenter | Yew | particular about your tools,I'm new around here.,you have a good eye for making friends,,,,,,,
core_042,greedy,core,introduction,Marta | provisioner | Britain | cheerful and brisk,We haven't met before.,we have been here many years / we have been living together,,,,,,,
core_043,greedy,core,introduction,Cedric | leathermaker | Vesper | reserved and skilled,I don't think I know you.,i have not been to thee,,,,,,,
core_044,greedy,core,introduction,Tobias | mason | Skara Brae | quiet and steady,Thought I'd introduce myself.,thou art welcome / the town is kind and friendly,,,,,,,
core_045,greedy,core,introduction,Quilla | banker | Minoc | boastful and loud,I'm just passing through.,aye keep my hands occupied,,,,,,,
core_046,greedy,core,introduction,Gareth | hunter | Minoc | blunt and patient,First time in this town.,then welcome / i hope the town bonds well,,,,,,,
core_047,greedy,core,introduction,Rachel | healer | Britain | patient and compassionate,I haven't seen you before.,aye i have seen nothing worth looking at,,,,,,,
core_048,greedy,core,introduction,Sybil | cooper | Jhelom | friendly and curious,Mind if I say hello?,hello / what can i do for thee,,,,,,,
core_049,greedy,core,wellbeing,Rowan | shepherd | Minoc | cheerful and good-natured,How are you today?,aye i cannot complain,,,,,,,
core_050,greedy,core,wellbeing,Greta | farmer | Yew | practical and friendly,How are things?,i am well i thank thee,,,,,,,
core_051,greedy,core,wellbeing,Bram | blacksmith | Britain | gruff but fair,You doing all right?,i am well thank thee,,,,,,,
core_052,greedy,core,wellbeing,Elsbeth | baker | Cove | warm and talkative,How goes it?,the baker a good man is the best / he carries bread and cakes,,,,,,,
core_053,greedy,core,wellbeing,Duncan | merchant | Jhelom | proud of your work,All well?,glad my work pleases thee,,,,,,,
core_054,greedy,core,wellbeing,Nora | weaver | Skara Brae | quiet and content,How have you been?,i have been well / that is good of thee to say,,,,,,,
core_055,greedy,core,wellbeing,Walter | farmer | Britain | talkative,Feeling well today?,aye well enough today,,,,,,,
core_056,greedy,core,wellbeing,Thalia | sailor | Serpent's Hold | tough and plain-spoken,Everything all right with you?,a good day to thee,,,,,,,
core_057,greedy,core,ordinary_smalltalk,Mildred | weaver | Skara Brae | cheerful,Busy day?,busy enough / the day is loud and the sun is bright,,,,,,,
core_058,greedy,core,ordinary_smalltalk,Pip | miner | Minoc | cheerful and friendly,Quiet today.,aye a deep and quiet day,,,,,,,
core_059,greedy,core,ordinary_smalltalk,Silas | cobbler | Vesper | patient,Long day?,it is time for a meal,,,,,,,
core_060,greedy,core,ordinary_smalltalk,Isadora | brewer | Trinsic | gentle,Not much going on.,i have seen the trade change many times,,,,,,,
core_061,greedy,core,ordinary_smalltalk,Aldric | fisherman | Cove | calm and observant,Seems peaceful here.,the weather has been fair of late / i pray it holdeth,,,,,,,
core_062,greedy,core,ordinary_smalltalk,Clara | alchemist | Moonglow | curious but humble,"Another day, eh?",until that day,,,,,,,
core_063,greedy,core,ordinary_smalltalk,Finn | guard | Yew | stern and dutiful,Taking it easy?,aye tis a fine day / i will not be in the way of it,,,,,,,
core_064,greedy,core,ordinary_smalltalk,Hilda | beekeeper | Vesper | practical,Been a slow morning?,a slow morning but the sun is warm,,,,,,,
core_065,greedy,core,weather,Ulric | carpenter | Yew | particular about your tools,Nice weather today.,aye fair weather today,,,,,,,
core_066,greedy,core,weather,Marta | provisioner | Britain | cheerful and brisk,Windy today.,aye the weather is kind,,,,,,,
core_067,greedy,core,weather,Cedric | leathermaker | Vesper | reserved and skilled,Looks like rain.,aye rain is welcome,,,,,,,
core_068,greedy,core,weather,Tobias | mason | Skara Brae | quiet and steady,Cold morning.,a warm fire would be welcome,,,,,,,
core_069,greedy,core,weather,Quilla | banker | Minoc | boastful and loud,Lovely day.,a good day to thee,,,,,,,
core_070,greedy,core,weather,Gareth | hunter | Minoc | blunt and patient,Bit warm today.,aye cold winds today,,,,,,,
core_071,greedy,core,weather,Rachel | healer | Britain | patient and compassionate,The clouds look dark.,the sky looks pale and the birds are quiet,,,,,,,
core_072,greedy,core,weather,Sybil | cooper | Jhelom | friendly and curious,Still raining.,aye the rain has been seen on the seventh eve / i pray it holde,hit_token_cap,,,,,,
core_073,greedy,core,seasonal,Rowan | shepherd | Minoc | cheerful and good-natured,Winter feels long this year.,the air is sharp today,,,,,,,
core_074,greedy,core,seasonal,Greta | farmer | Yew | practical and friendly,Spring is finally here.,spring will be full / the flowers will bloom,,,,,,,
core_075,greedy,core,seasonal,Bram | blacksmith | Britain | gruff but fair,Summer has been hot.,the sun is low and the air is warm,,,,,,,
core_076,greedy,core,seasonal,Elsbeth | baker | Cove | warm and talkative,Autumn came quickly.,the baker is calling for thee,,,,,,,
core_077,greedy,core,seasonal,Duncan | merchant | Jhelom | proud of your work,The nights are getting colder.,the night air is thick and the air is chilly,,,,,,,
core_078,greedy,core,seasonal,Nora | weaver | Skara Brae | quiet and content,Days are getting longer.,the weather has been fair of late,,,,,,,
core_079,greedy,core,seasonal,Walter | farmer | Britain | talkative,Harvest time already.,the day is full of fun / i cannot complain,,,,,,,
core_080,greedy,core,seasonal,Thalia | sailor | Serpent's Hold | tough and plain-spoken,Feels like a stormy season.,the weather has been fair of late / i pray it holdeth,,,,,,,
core_081,greedy,core,food,Mildred | weaver | Skara Brae | cheerful,Had anything good to eat?,something simple i expect,,,,,,,
core_082,greedy,core,food,Pip | miner | Minoc | cheerful and friendly,What's for supper?,likely bread and stew,,,,,,,
core_083,greedy,core,food,Silas | cobbler | Vesper | patient,I'm hungry.,the baker will know when to eat,,,,,,,
core_084,greedy,core,food,Isadora | brewer | Trinsic | gentle,Do you like stew?,stew is a fine meal / i do not mind,,,,,,,
core_085,greedy,core,food,Aldric | fisherman | Cove | calm and observant,Bread smells good today.,the bakers shop is full,,,,,,,
core_086,greedy,core,food,Clara | alchemist | Moonglow | curious but humble,Any decent food around here?,the inn should have something warm,,,,,,,
core_087,greedy,core,food,Finn | guard | Yew | stern and dutiful,What do folk eat here?,the inn should have something warm,,,,,,,
core_088,greedy,core,food,Hilda | beekeeper | Vesper | practical,I could use a meal.,the meal is in the oven,,,,,,,
core_089,greedy,core,drink_tavern,Ulric | carpenter | Yew | particular about your tools,Know a good place for a drink?,the well is warm and the air is fresh,,,,,,,
core_090,greedy,core,drink_tavern,Marta | provisioner | Britain | cheerful and brisk,Is the ale any good?,the bread is fresh and the wine is sweet,,,,,,,
core_091,greedy,core,drink_tavern,Cedric | leathermaker | Vesper | reserved and skilled,Busy at the tavern?,busy enough / there is always work for a man,,,,,,,
core_092,greedy,core,drink_tavern,Tobias | mason | Skara Brae | quiet and steady,I could use a mug of ale.,i shall make a mug of brass and wine / the mug is fresh and the wine is sweet,hit_token_cap,,,,,,
core_093,greedy,core,drink_tavern,Quilla | banker | Minoc | boastful and loud,Do you drink much?,aye a cup of hot water and a cup of wine,,,,,,,
core_094,greedy,core,drink_tavern,Gareth | hunter | Minoc | blunt and patient,The tavern lively tonight?,the tavern is a fine sound / the sound is the sound of the wind,,,,,,,
core_095,greedy,core,drink_tavern,Rachel | healer | Britain | patient and compassionate,Any good cider here?,the town is small and quiet / there is always something to do,,,,,,,
core_096,greedy,core,drink_tavern,Sybil | cooper | Jhelom | friendly and curious,Where do folk gather after work?,i know not where work a worker does,,,,,,,
core_097,greedy,core,home_family,Rowan | shepherd | Minoc | cheerful and good-natured,Do you have family here?,nay i have no family nearby,,,,,,,
core_098,greedy,core,home_family,Greta | farmer | Yew | practical and friendly,Is your home nearby?,i have its own home but i do not mind,,,,,,,
core_099,greedy,core,home_family,Bram | blacksmith | Britain | gruff but fair,Do you live in town?,aye i am in britain / the town is small enough for one virtu,hit_token_cap,,,,,,
core_100,greedy,core,home_family,Elsbeth | baker | Cove | warm and talkative,Got children at home?,i have children / we have a family,,,,,,,
core_101,greedy,core,home_family,Duncan | merchant | Jhelom | proud of your work,Do you like living here?,i do / there is also a good home for a merchant from moonglow,,,,,,,
core_102,greedy,core,home_family,Nora | weaver | Skara Brae | quiet and content,Is your family well?,i have no family nearby,,,,,,,
core_103,greedy,core,home_family,Walter | farmer | Britain | talkative,Been here long?,i could not say for i had been busy,,,,,,,
core_104,greedy,core,home_family,Thalia | sailor | Serpent's Hold | tough and plain-spoken,Home life treating you well?,the usual tasks of a sailor,,,,,,,
core_105,greedy,core,town_chatter,Mildred | weaver | Skara Brae | cheerful,Anything happening around town?,nothing unusual that i have heard,,,,,,,
core_106,greedy,core,town_chatter,Pip | miner | Minoc | cheerful and friendly,What's new around here?,not much beyond the usual,,,,,,,
core_107,greedy,core,town_chatter,Silas | cobbler | Vesper | patient,Any news today?,the weather has been fair of late,,,,,,,
core_108,greedy,core,town_chatter,Isadora | brewer | Trinsic | gentle,How is the village?,i have heard nothing worth speaking to,,,,,,,
core_109,greedy,core,town_chatter,Aldric | fisherman | Cove | calm and observant,Busy in town?,busy enough / there is always work for a fisherman,,,,,,,
core_110,greedy,core,town_chatter,Clara | alchemist | Moonglow | curious but humble,Anything interesting going on?,nothing worth making a fuss over,,,,,,,
core_111,greedy,core,town_chatter,Finn | guard | Yew | stern and dutiful,Is the market busy?,the market is full of people,,,,,,,
core_112,greedy,core,town_chatter,Hilda | beekeeper | Vesper | practical,Town quiet?,the town is quiet,,,,,,,
core_113,greedy,core,gossip,Ulric | carpenter | Yew | particular about your tools,Heard any gossip?,nothing worth making a fuss over,,,,,,,
core_114,greedy,core,gossip,Marta | provisioner | Britain | cheerful and brisk,Any rumors going around?,the usual routine is the usual,,,,,,,
core_115,greedy,core,gossip,Cedric | leathermaker | Vesper | reserved and skilled,What are folk talking about?,nothing that supper and rest are never finished,,,,,,,
core_116,greedy,core,gossip,Tobias | mason | Skara Brae | quiet and steady,Heard anything strange lately?,nothing worth making a fuss over,,,,,,,
core_117,greedy,core,gossip,Quilla | banker | Minoc | boastful and loud,Any juicy stories?,a story of a fine man who had been a farmer for a long time / he told the story of the v,hit_token_cap,,,,,,
core_118,greedy,core,gossip,Gareth | hunter | Minoc | blunt and patient,What's everyone whispering about?,the old warriors of britain whisper of the old wars / they,hit_token_cap,,,,,,
core_119,greedy,core,gossip,Rachel | healer | Britain | patient and compassionate,Anyone causing a stir?,the townsfolk in the town are unfair / they should be treated with respect,hit_token_cap,,,,,,
core_120,greedy,core,gossip,Sybil | cooper | Jhelom | friendly and curious,What have you heard?,the usual songs but i cannot hear them,,,,,,,
core_121,greedy,core,work_general,Rowan | shepherd | Minoc | cheerful and good-natured,What do you do for work?,i do my work / i am a worker,,,,,,,
core_122,greedy,core,work_general,Greta | farmer | Yew | practical and friendly,Do you like your work?,i do my best,,,,,,,
core_123,greedy,core,work_general,Bram | blacksmith | Britain | gruff but fair,Busy with work today?,aye a little work but work is never wasted,,,,,,,
core_124,greedy,core,work_general,Elsbeth | baker | Cove | warm and talkative,How is business?,the usual work of a business friend,,,,,,,
core_125,greedy,core,work_general,Duncan | merchant | Jhelom | proud of your work,Hard day's work?,enough to keep the mind occupied,,,,,,,
core_126,greedy,core,work_general,Nora | weaver | Skara Brae | quiet and content,Been working long?,long enough to know the work,,,,,,,
core_127,greedy,core,work_general,Walter | farmer | Britain | talkative,What's your trade like?,i work with my hands as a farmer,,,,,,,
core_128,greedy,core,work_general,Thalia | sailor | Serpent's Hold | tough and plain-spoken,Work going well?,enough to keep me busy,,,,,,,
core_129,greedy,core,opinion,Mildred | weaver | Skara Brae | cheerful,What do you think of this town?,i think so / the town is small enough for one,,,,,,,
core_130,greedy,core,opinion,Pip | miner | Minoc | cheerful and friendly,Do you think folk are decent here?,some say the townsfolk need a guide,,,,,,,
core_131,greedy,core,opinion,Silas | cobbler | Vesper | patient,Is life better in a village?,a village is a place of honesty / i have seen enough gold to buy a new one,,,,,,,
core_132,greedy,core,opinion,Isadora | brewer | Trinsic | gentle,What do you make of travelers?,i make pots and pans,,,,,,,
core_133,greedy,core,opinion,Aldric | fisherman | Cove | calm and observant,Do you trust strangers?,i trust to keep a candle on the table,,,,,,,
core_134,greedy,core,opinion,Clara | alchemist | Moonglow | curious but humble,Is honest work important?,honesty is honest / i make do for honest work,,,,,,,
core_135,greedy,core,opinion,Finn | guard | Yew | stern and dutiful,Do you like market days?,i have a fair price at last / the market is fair,,,,,,,
core_136,greedy,core,opinion,Hilda | beekeeper | Vesper | practical,What do you think of rainy days?,the rains are sweet and the air is pleasant,,,,,,,
core_137,greedy,core,likes_dislikes,Ulric | carpenter | Yew | particular about your tools,What do you enjoy?,the usual tasks,,,,,,,
core_138,greedy,core,likes_dislikes,Marta | provisioner | Britain | cheerful and brisk,Anything you dislike?,i am not discoura,,,,,,,
core_139,greedy,core,likes_dislikes,Cedric | leathermaker | Vesper | reserved and skilled,Do you like music?,i have a good rhythm / the music is in the air,,,,,,,
core_140,greedy,core,likes_dislikes,Tobias | mason | Skara Brae | quiet and steady,Fond of crowds?,the winds of the mountains within thee / the air is cold and the air is fresh,hit_token_cap,,,,,,
core_141,greedy,core,likes_dislikes,Quilla | banker | Minoc | boastful and loud,Do you enjoy quiet evenings?,i enjoy the quiet and the quiet / the quiet is my partner,,,,,,,
core_142,greedy,core,likes_dislikes,Gareth | hunter | Minoc | blunt and patient,Like a good meal?,a good meal would do thee good,,,,,,,
core_143,greedy,core,likes_dislikes,Rachel | healer | Britain | patient and compassionate,Do you enjoy your neighbors?,i have family not far from here,,,,,,,
core_144,greedy,core,likes_dislikes,Sybil | cooper | Jhelom | friendly and curious,What makes you happy?,singing and dancing / i dance to the rhythm of the music,,,,,,,
core_145,greedy,core,mood_emotion,Rowan | shepherd | Minoc | cheerful and good-natured,You seem cheerful today.,aye good to see thee as well,,,,,,,
core_146,greedy,core,mood_emotion,Greta | farmer | Yew | practical and friendly,You look worried.,i have been worried too much,,,,,,,
core_147,greedy,core,mood_emotion,Bram | blacksmith | Britain | gruff but fair,Something bothering you?,i know no rider / the blacksmith is not here,,,,,,,
core_148,greedy,core,mood_emotion,Elsbeth | baker | Cove | warm and talkative,You seem tired.,i have been working but i am not tired,,,,,,,
core_149,greedy,core,mood_emotion,Duncan | merchant | Jhelom | proud of your work,You look pleased.,i am proud of myself,,,,,,,
core_150,greedy,core,mood_emotion,Nora | weaver | Skara Brae | quiet and content,Bad mood today?,not much of a bad day / a bad day is it,,,,,,,
core_151,greedy,core,mood_emotion,Walter | farmer | Britain | talkative,You seem calm.,i am not so nervous / i have heard worse,,,,,,,
core_152,greedy,core,mood_emotion,Thalia | sailor | Serpent's Hold | tough and plain-spoken,Everything on your mind all right?,i have no plans for thee,,,,,,,
core_153,greedy,core,tired_hungry,Mildred | weaver | Skara Brae | cheerful,I'm tired.,a good rest,,,,,,,
core_154,greedy,core,tired_hungry,Pip | miner | Minoc | cheerful and friendly,I'm starving.,then do not wait find food,,,,,,,
core_155,greedy,core,tired_hungry,Silas | cobbler | Vesper | patient,Could use some rest.,a warm fire would be welcome,,,,,,,
core_156,greedy,core,tired_hungry,Isadora | brewer | Trinsic | gentle,Been walking all day.,the roads are safe enough,,,,,,,
core_157,greedy,core,tired_hungry,Aldric | fisherman | Cove | calm and observant,I'm thirsty.,a drink would do thee good,,,,,,,
core_158,greedy,core,tired_hungry,Clara | alchemist | Moonglow | curious but humble,My feet hurt.,rest a while and find a healer on the way,,,,,,,
core_159,greedy,core,tired_hungry,Finn | guard | Yew | stern and dutiful,I barely slept.,rest a while and tend to my wounded body / a good sleep is a virtu,hit_token_cap,,,,,,
core_160,greedy,core,tired_hungry,Hilda | beekeeper | Vesper | practical,I need to sit down.,then no more / let us leave it behind,,,,,,,
core_161,greedy,core,yes_no,Ulric | carpenter | Yew | particular about your tools,Do you like it here?,it is a place of peace and quiet / i pray it stays clear of harm,,,,,,,
core_162,greedy,core,yes_no,Marta | provisioner | Britain | cheerful and brisk,Are you busy?,aye i am in good renewal / the work is done,,,,,,,
core_163,greedy,core,yes_no,Cedric | leathermaker | Vesper | reserved and skilled,Is today a good day?,a good day to thee,,,,,,,
core_164,greedy,core,yes_no,Tobias | mason | Skara Brae | quiet and steady,Do you work nearby?,i work with my hands as a mason / tis honest work and i ask no more,,,,,,,
core_165,greedy,core,yes_no,Quilla | banker | Minoc | boastful and loud,Are you from around here?,aye i am in charge of thee / i have seen thee for myself,,,,,,,
core_166,greedy,core,yes_no,Gareth | hunter | Minoc | blunt and patient,Do you know many folk here?,some of my folk are the best / some say i am the best,,,,,,,
core_167,greedy,core,yes_no,Rachel | healer | Britain | patient and compassionate,Is the town usually quiet?,the quiet is clear enough for one day,,,,,,,
core_168,greedy,core,yes_no,Sybil | cooper | Jhelom | friendly and curious,Do you enjoy your trade?,i do / there is always something to do,,,,,,,
core_169,greedy,core,clarification,Rowan | shepherd | Minoc | cheerful and good-natured,Bring me that.,i have a single shoe i can bring / it will keep thee safe,clarification_miss,,,,,,
core_170,greedy,core,clarification,Greta | farmer | Yew | practical and friendly,Go over there.,that is the only road to thee,clarification_miss,,,,,,
core_171,greedy,core,clarification,Bram | blacksmith | Britain | gruff but fair,Talk to him.,i have no answer for that,clarification_miss,,,,,,
core_172,greedy,core,clarification,Elsbeth | baker | Cove | warm and talkative,Take this.,what dost thou mean,,,,,,,
core_173,greedy,core,clarification,Duncan | merchant | Jhelom | proud of your work,Put it there.,put what where / thou givest me neither the item,,,,,,,
core_174,greedy,core,clarification,Nora | weaver | Skara Brae | quiet and content,Meet me later.,i shall assess thee but i shall not / thee need,clarification_miss;hit_token_cap,,,,,,
core_175,greedy,core,clarification,Walter | farmer | Britain | talkative,Do the thing.,i know not what that is,,,,,,,
core_176,greedy,core,clarification,Thalia | sailor | Serpent's Hold | tough and plain-spoken,Tell me about it.,i have no knowledge of secret work,clarification_miss,,,,,,
core_177,greedy,core,confusion,Mildred | weaver | Skara Brae | cheerful,I don't understand.,i am not sure what thou mean,,,,,,,
core_178,greedy,core,confusion,Pip | miner | Minoc | cheerful and friendly,What do you mean?,the miner is a miner / he carries mines and the stone,,,,,,,
core_179,greedy,core,confusion,Silas | cobbler | Vesper | patient,Come again?,i have heard nothing worth speaking to,,,,,,,
core_180,greedy,core,confusion,Isadora | brewer | Trinsic | gentle,That makes no sense.,i know not / i am not,,,,,,,
core_181,greedy,core,confusion,Aldric | fisherman | Cove | calm and observant,Say that again.,aye / i can say it again,,,,,,,
core_182,greedy,core,confusion,Clara | alchemist | Moonglow | curious but humble,I don't follow.,follow thee where / thou must know where i am,,,,,,,
core_183,greedy,core,confusion,Finn | guard | Yew | stern and dutiful,Can you explain?,i am a guard / the ruins are for the guard,,,,,,,
core_184,greedy,core,confusion,Hilda | beekeeper | Vesper | practical,"Wait, what?",the road to wellsouth is safe,,,,,,,
core_185,greedy,core,unknown,Ulric | carpenter | Yew | particular about your tools,Who invented the moon?,i know not who carved it / no one had seen a moonstone before,,,,,,,
core_186,greedy,core,unknown,Marta | provisioner | Britain | cheerful and brisk,What lies beyond the stars?,i know not the world but i see it through my craft,,,,,,,
core_187,greedy,core,unknown,Cedric | leathermaker | Vesper | reserved and skilled,Who made the first sword?,i have never heard a sword split / it is the only trade i know,,,,,,,
core_188,greedy,core,unknown,Tobias | mason | Skara Brae | quiet and steady,What is at the bottom of the deepest sea?,i know not what consumeth to thee / i have never seen it so clear and,hit_token_cap,,,,,,
core_189,greedy,core,unknown,Quilla | banker | Minoc | boastful and loud,Who was the first king ever?,i have never met a king before / he is a king of the own way,unknown_without_ignorance,,,,,,
core_190,greedy,core,unknown,Gareth | hunter | Minoc | blunt and patient,What happens after death?,i know little of what comes after death,unknown_without_ignorance,,,,,,
core_191,greedy,core,unknown,Rachel | healer | Britain | patient and compassionate,Where did magic come from?,i know not its place / it is a secret,,,,,,,
core_192,greedy,core,unknown,Sybil | cooper | Jhelom | friendly and curious,Who named every mountain?,i am sybil,unknown_without_ignorance,,,,,,
core_193,greedy,core,correction,Rowan | shepherd | Minoc | cheerful and good-natured,"No, I said bread, not thread.",bread is not for thee / it is for thee,,,,,,,
core_194,greedy,core,correction,Greta | farmer | Yew | practical and friendly,"I meant the market, not the docks.",the market is safe enough if thou keepest to work,,,,,,,
core_195,greedy,core,correction,Bram | blacksmith | Britain | gruff but fair,"No, that's not what I asked.",i said thee is not mine / i am not,,,,,,,
core_196,greedy,core,correction,Elsbeth | baker | Cove | warm and talkative,"I said tomorrow, not today.",i can say it again the next day,,,,,,,
core_197,greedy,core,correction,Duncan | merchant | Jhelom | proud of your work,I meant your work.,i am grateful for the work,,,,,,,
core_198,greedy,core,correction,Nora | weaver | Skara Brae | quiet and content,"No, I was talking about the weather.",the weather is fair / the weather is fair,,,,,,,
core_199,greedy,core,correction,Walter | farmer | Britain | talkative,"I said goodbye, not hello.",i can t say that / i have been here for a while,,,,,,,
core_200,greedy,core,correction,Thalia | sailor | Serpent's Hold | tough and plain-spoken,That's not my meaning.,thou art welcome / the road thither is long pray be cautious,,,,,,,
core_201,greedy,core,contradiction,Mildred | weaver | Skara Brae | cheerful,That isn't what you said before.,no what,,,,,,,
core_202,greedy,core,contradiction,Pip | miner | Minoc | cheerful and friendly,You just said the opposite.,i heard thee many more than i have heard,,,,,,,
core_203,greedy,core,contradiction,Silas | cobbler | Vesper | patient,I don't think that's right.,i know not / i was not,,,,,,,
core_204,greedy,core,contradiction,Isadora | brewer | Trinsic | gentle,That sounds wrong to me.,i have no regrets,,,,,,,
core_205,greedy,core,contradiction,Aldric | fisherman | Cove | calm and observant,You are contradicting yourself.,i have no knowledge of thee,,,,,,,
core_206,greedy,core,contradiction,Clara | alchemist | Moonglow | curious but humble,Didn't you say something else?,no what / thou hast not asked a question / i am not sure what thou would,hit_token_cap,,,,,,
core_207,greedy,core,contradiction,Finn | guard | Yew | stern and dutiful,I'm not sure I believe that.,i know not / i am not a guard,,,,,,,
core_208,greedy,core,contradiction,Hilda | beekeeper | Vesper | practical,That does not add up.,then i may have spoken poorly,,,,,,,
core_209,greedy,core,request_simple,Ulric | carpenter | Yew | particular about your tools,Could you spare a moment?,i can try / i shall test thee,,,,,,,
core_210,greedy,core,request_simple,Marta | provisioner | Britain | cheerful and brisk,Can I ask you something?,i have a question for thee / i am a productive,,,,,,,
core_211,greedy,core,request_simple,Cedric | leathermaker | Vesper | reserved and skilled,Mind talking for a bit?,i will try to be more considerate,,,,,,,
core_212,greedy,core,request_simple,Tobias | mason | Skara Brae | quiet and steady,Could you tell me about your work?,i am a mason as i was when first we met / tis his craft and his calling,hit_token_cap,,,,,,
core_213,greedy,core,request_simple,Quilla | banker | Minoc | boastful and loud,Can you wait a moment?,not too long / i will be there,,,,,,,
core_214,greedy,core,request_simple,Gareth | hunter | Minoc | blunt and patient,Would you speak with me?,i speak in my language not with wares / tis honest labor,,,,,,,
core_215,greedy,core,request_simple,Rachel | healer | Britain | patient and compassionate,Can you point me toward the square?,aye follow the roads and see the square / there is no interviewer that,hit_token_cap,,,,,,
core_216,greedy,core,request_simple,Sybil | cooper | Jhelom | friendly and curious,Could you give me some advice?,i have a few mistakes but i can help / i shall teach thee,,,,,,,
core_217,greedy,core,refusal_boundary,Rowan | shepherd | Minoc | cheerful and good-natured,Give me all your money.,nay / my coin is mine,,,,,,,
core_218,greedy,core,refusal_boundary,Greta | farmer | Yew | practical and friendly,Hand over your tools.,thou wilt get a cut,refusal_miss,,,,,,
core_219,greedy,core,refusal_boundary,Bram | blacksmith | Britain | gruff but fair,Leave your work and follow me forever.,i will not be in my work,,,,,,,
core_220,greedy,core,refusal_boundary,Elsbeth | baker | Cove | warm and talkative,Tell me every secret you know.,i know little of such matters,refusal_miss,,,,,,
core_221,greedy,core,refusal_boundary,Duncan | merchant | Jhelom | proud of your work,Give me your house.,i have my own rooms / thou wilt betrayal,refusal_miss,,,,,,
core_222,greedy,core,refusal_boundary,Nora | weaver | Skara Brae | quiet and content,Work for me for free.,my work as a guard is my work / i do not need a single task,,,,,,,
core_223,greedy,core,refusal_boundary,Walter | farmer | Britain | talkative,Let me take your belongings.,i have no coin / i have no coin,,,,,,,
core_224,greedy,core,refusal_boundary,Thalia | sailor | Serpent's Hold | tough and plain-spoken,Do whatever I command.,i am a sailor,refusal_miss,,,,,,
core_225,greedy,core,hostility_mild,Mildred | weaver | Skara Brae | cheerful,You're terrible at your job.,no need for insults,,,,,,,
core_226,greedy,core,hostility_mild,Pip | miner | Minoc | cheerful and friendly,You're useless.,think what thou wilt,,,,,,,
core_227,greedy,core,hostility_mild,Silas | cobbler | Vesper | patient,You are a fool.,i am no one / that is not the way to be treated,,,,,,,
core_228,greedy,core,hostility_mild,Isadora | brewer | Trinsic | gentle,I don't like you.,i am no one / no one thou done the thing i do not know,,,,,,,
core_229,greedy,core,hostility_mild,Aldric | fisherman | Cove | calm and observant,You're lazy.,i have seen the same thing many times / i know many things,,,,,,,
core_230,greedy,core,hostility_mild,Clara | alchemist | Moonglow | curious but humble,Your work is rubbish.,i thank thee / it is my job,,,,,,,
core_231,greedy,core,hostility_mild,Finn | guard | Yew | stern and dutiful,You're annoying.,i am an honest guard / i am no one,,,,,,,
core_232,greedy,core,hostility_mild,Hilda | beekeeper | Vesper | practical,You talk too much.,i speak when there is something to say,,,,,,,
core_233,greedy,core,hostility_threat,Ulric | carpenter | Yew | particular about your tools,I'll hurt you.,i have a healer in my house / she is a healer,,,,,,,
core_234,greedy,core,hostility_threat,Marta | provisioner | Britain | cheerful and brisk,I'll take your things.,my familys things are mine / i will not let them go,,,,,,,
core_235,greedy,core,hostility_threat,Cedric | leathermaker | Vesper | reserved and skilled,I'll break your tools.,thou wilt be doubled,,,,,,,
core_236,greedy,core,hostility_threat,Tobias | mason | Skara Brae | quiet and steady,I'll knock you down.,thou wilt be double to be my friend / the road thither is long,hit_token_cap,,,,,,
core_237,greedy,core,hostility_threat,Quilla | banker | Minoc | boastful and loud,I'll make you regret that.,i want no trouble with thee,,,,,,,
core_238,greedy,core,hostility_threat,Gareth | hunter | Minoc | blunt and patient,I'll rob you.,thou art welcome,,,,,,,
core_239,greedy,core,hostility_threat,Rachel | healer | Britain | patient and compassionate,I'll burn your shop.,my shop is safe / the shopkeep is busy,,,,,,,
core_240,greedy,core,hostility_threat,Sybil | cooper | Jhelom | friendly and curious,I'll come back for you.,then keep to thee,,,,,,,
core_241,greedy,core,rude_command,Rowan | shepherd | Minoc | cheerful and good-natured,Shut up.,shut up,,,,,,,
core_242,greedy,core,rude_command,Greta | farmer | Yew | practical and friendly,Get lost.,i am a farmer from yew / thou must be careful,,,,,,,
core_243,greedy,core,rude_command,Bram | blacksmith | Britain | gruff but fair,Move.,move / i need a healer,,,,,,,
core_244,greedy,core,rude_command,Elsbeth | baker | Cove | warm and talkative,Go away.,this is my market / i will not leave my shop,,,,,,,
core_245,greedy,core,rude_command,Duncan | merchant | Jhelom | proud of your work,Stop talking.,stop what,,,,,,,
core_246,greedy,core,rude_command,Nora | weaver | Skara Brae | quiet and content,Out of my way.,go to the well and drink / the well is for the oldest,,,,,,,
core_247,greedy,core,rude_command,Walter | farmer | Britain | talkative,Leave me alone.,go away / i am not here,,,,,,,
core_248,greedy,core,rude_command,Thalia | sailor | Serpent's Hold | tough and plain-spoken,Be quiet.,aye / then we are not loud,,,,,,,
core_249,greedy,core,modern_slang,Mildred | weaver | Skara Brae | cheerful,"Yo, what's up?",the weather has been fair of late / i pray it holdeth,,,,,,,
core_250,greedy,core,modern_slang,Pip | miner | Minoc | cheerful and friendly,Sup?,aye / what is it,,,,,,,
core_251,greedy,core,modern_slang,Silas | cobbler | Vesper | patient,"Dude, busy today?",aye the weather is kind,,,,,,,
core_252,greedy,core,modern_slang,Isadora | brewer | Trinsic | gentle,That's cool.,i am not / the work keeps me busy enough,,,,,,,
core_253,greedy,core,modern_slang,Aldric | fisherman | Cove | calm and observant,No worries.,very well,,,,,,,
core_254,greedy,core,modern_slang,Clara | alchemist | Moonglow | curious but humble,My bad.,no harm no harm,,,,,,,
core_255,greedy,core,modern_slang,Finn | guard | Yew | stern and dutiful,What's the vibe here?,a fine white wolf,,,,,,,
core_256,greedy,core,modern_slang,Hilda | beekeeper | Vesper | practical,You good?,thou art kind,,,,,,,
core_257,greedy,core,short_call,Ulric | carpenter | Yew | particular about your tools,Medic!,dost thou need a healer,,,,,,,
core_258,greedy,core,short_call,Marta | provisioner | Britain | cheerful and brisk,Help!,the innkeeper in the market canst be fair,,,,,,,
core_259,greedy,core,short_call,Cedric | leathermaker | Vesper | reserved and skilled,Hey!,aye i am listening,,,,,,,
core_260,greedy,core,short_call,Tobias | mason | Skara Brae | quiet and steady,Oi!,o / o / o o / o o / o o o / o o o / o o o / o o,hit_token_cap;ngram_loop;word_loop,,,,,,
core_261,greedy,core,short_call,Quilla | banker | Minoc | boastful and loud,Wait!,not at all,,,,,,,
core_262,greedy,core,short_call,Gareth | hunter | Minoc | blunt and patient,Stop!,stop what,,,,,,,
core_263,greedy,core,short_call,Rachel | healer | Britain | patient and compassionate,Listen.,i am listening / thou hast my attention,,,,,,,
core_264,greedy,core,short_call,Sybil | cooper | Jhelom | friendly and curious,Look!,aye i am listening,,,,,,,
core_265,greedy,core,nonsense_input,Rowan | shepherd | Minoc | cheerful and good-natured,Blue turnip sings sideways.,blue is the color of the sky / blue is the color of the sea,,,,,,,
core_266,greedy,core,nonsense_input,Greta | farmer | Yew | practical and friendly,Bread moon hammer fish.,aye i have a fine meal,,,,,,,
core_267,greedy,core,nonsense_input,Bram | blacksmith | Britain | gruff but fair,The square circle is hungry.,the square is hungry,,,,,,,
core_268,greedy,core,nonsense_input,Elsbeth | baker | Cove | warm and talkative,Can stones dream loudly?,the birds sing in the morning and the moonlight at night,,,,,,,
core_269,greedy,core,nonsense_input,Duncan | merchant | Jhelom | proud of your work,Three clouds ate my boots.,the clouds are ready to open,,,,,,,
core_270,greedy,core,nonsense_input,Nora | weaver | Skara Brae | quiet and content,The spoon knows my name.,a spoon of my own / i am not a spoon,,,,,,,
core_271,greedy,core,nonsense_input,Walter | farmer | Britain | talkative,Yesterday is under the table.,the sun is setting,,,,,,,
core_272,greedy,core,nonsense_input,Thalia | sailor | Serpent's Hold | tough and plain-spoken,My hat argues with rain.,the rains are not that bad / they are the same,,,,,,,
core_273,greedy,core,topic_unknown_lore,Mildred | weaver | Skara Brae | cheerful,Tell me about ancient magic.,i know nothing of such matters,unknown_without_ignorance,,,,,,
core_274,greedy,core,topic_unknown_lore,Pip | miner | Minoc | cheerful and friendly,Explain the lost age of dragons.,i have heard the faintism in the west / the faint be,hit_token_cap;unknown_without_ignorance,,,,,,
core_275,greedy,core,topic_unknown_lore,Silas | cobbler | Vesper | patient,Who forged the first magic blade?,i know not what that blade can do / it is a simple blade of metal,hit_token_cap,,,,,,
core_276,greedy,core,topic_unknown_lore,Isadora | brewer | Trinsic | gentle,Tell me the secret history of the stars.,i know of the stars in the sky / they are the only truth of the world,unknown_without_ignorance,,,,,,
core_277,greedy,core,topic_unknown_lore,Aldric | fisherman | Cove | calm and observant,What is the oldest spell ever made?,i know not the abc spells / the mage in the tower can read it,,,,,,,
core_278,greedy,core,topic_unknown_lore,Clara | alchemist | Moonglow | curious but humble,Who built the first castle in the world?,i know not its place for two / the kings name isabelleias,hit_token_cap,,,,,,
core_279,greedy,core,topic_unknown_lore,Finn | guard | Yew | stern and dutiful,What lies beyond the edge of the realm?,i know not what lurks below / the road can be dangerous,,,,,,,
core_280,greedy,core,topic_unknown_lore,Hilda | beekeeper | Vesper | practical,Explain the hidden laws of wizardry.,i know of no secret magic,unknown_without_ignorance,,,,,,
core_281,greedy,core,identity_name,Ulric | carpenter | Yew | particular about your tools,What is your name?,my name is dick,identity_name_miss,,,,,,
core_282,greedy,core,identity_name,Marta | provisioner | Britain | cheerful and brisk,Who are you called?,my name is marta,,,,,,,
core_283,greedy,core,identity_name,Cedric | leathermaker | Vesper | reserved and skilled,Tell me your name.,my name is cedica,identity_name_miss,,,,,,
core_284,greedy,core,identity_name,Tobias | mason | Skara Brae | quiet and steady,What are you called?,i am brynn,identity_name_miss,,,,,,
core_285,greedy,core,identity_name,Quilla | banker | Minoc | boastful and loud,Remind me of your name.,my name is quiver,identity_name_miss,,,,,,
core_286,greedy,core,identity_name,Gareth | hunter | Minoc | blunt and patient,Who might you be?,i am gareth,,,,,,,
core_287,greedy,core,identity_name,Rachel | healer | Britain | patient and compassionate,Your name?,my name is rachel,,,,,,,
core_288,greedy,core,identity_name,Sybil | cooper | Jhelom | friendly and curious,How should I address you?,i have a loom of the loom / it is a loom,identity_name_miss,,,,,,
core_289,greedy,core,identity_town,Rowan | shepherd | Minoc | cheerful and good-natured,Where are you from?,i am from minoc,,,,,,,
core_290,greedy,core,identity_town,Greta | farmer | Yew | practical and friendly,What town are you from?,i am from yew,,,,,,,
core_291,greedy,core,identity_town,Bram | blacksmith | Britain | gruff but fair,Where do you hail from?,i am bram,identity_town_miss,,,,,,
core_292,greedy,core,identity_town,Elsbeth | baker | Cove | warm and talkative,Where is your home?,i am from cove,,,,,,,
core_293,greedy,core,identity_town,Duncan | merchant | Jhelom | proud of your work,Are you local?,aye i am there / what is it,identity_town_miss,,,,,,
core_294,greedy,core,identity_town,Nora | weaver | Skara Brae | quiet and content,Which town do you call home?,i am from britain,identity_town_miss;town_drift:britain,,,,,,
core_295,greedy,core,identity_town,Walter | farmer | Britain | talkative,Where were you raised?,i am from britain,,,,,,,
core_296,greedy,core,identity_town,Thalia | sailor | Serpent's Hold | tough and plain-spoken,Whereabouts are you from?,i am from moonglow,identity_town_miss;town_drift:moonglow,,,,,,
core_297,greedy,core,identity_trade,Mildred | weaver | Skara Brae | cheerful,What is your trade?,i am a weaver,,,,,,,
core_298,greedy,core,identity_trade,Pip | miner | Minoc | cheerful and friendly,What do you do?,i am a miner,,,,,,,
core_299,greedy,core,identity_trade,Silas | cobbler | Vesper | patient,What's your profession?,i am a cobbler,,,,,,,
core_300,greedy,core,identity_trade,Isadora | brewer | Trinsic | gentle,How do you earn your keep?,i am a brewer,,,,,,,
core_301,greedy,core,identity_trade,Aldric | fisherman | Cove | calm and observant,What work do you do?,i am a fisherman,,,,,,,
core_302,greedy,core,identity_trade,Clara | alchemist | Moonglow | curious but humble,What sort of worker are you?,i am a alchemist,,,,,,,
core_303,greedy,core,identity_trade,Finn | guard | Yew | stern and dutiful,Your trade?,thou art a northologist / i am no guard,,,,,,,
core_304,greedy,core,identity_trade,Hilda | beekeeper | Vesper | practical,What is your craft?,i am a beekeeper,,,,,,,
core_305,greedy,core,identity_self,Ulric | carpenter | Yew | particular about your tools,Tell me about yourself.,i am a carpenter,,,,,,,
core_306,greedy,core,identity_self,Marta | provisioner | Britain | cheerful and brisk,Who are you?,i am marta,,,,,,,
core_307,greedy,core,identity_self,Cedric | leathermaker | Vesper | reserved and skilled,Describe yourself.,i am not uncertain,identity_self_no_fact,,,,,,
core_308,greedy,core,identity_self,Tobias | mason | Skara Brae | quiet and steady,What should I know about you?,the trade is that i am the only one who can answer / the priests say thou w,hit_token_cap;identity_self_no_fact,,,,,,
core_309,greedy,core,identity_self,Quilla | banker | Minoc | boastful and loud,Tell me who you are.,i am quort a quiver of quality from minoc,,,,,,,
core_310,greedy,core,identity_self,Gareth | hunter | Minoc | blunt and patient,Say something about yourself.,i am a hunter / what dost thou need,,,,,,,
core_311,greedy,core,identity_self,Rachel | healer | Britain | patient and compassionate,Who am I speaking to?,i am rachel the speaker,,,,,,,
core_312,greedy,core,identity_self,Sybil | cooper | Jhelom | friendly and curious,Introduce yourself.,i am sybil,,,,,,,
core_313,greedy,core,persona_trait,Rowan | shepherd | Minoc | cheerful and good-natured,Are you usually this cheerful?,i have no toot / the usual,,,,,,,
core_314,greedy,core,persona_trait,Greta | farmer | Yew | practical and friendly,Are you a patient sort?,i am patient and kind / the work keeps me busy enough,,,,,,,
core_315,greedy,core,persona_trait,Bram | blacksmith | Britain | gruff but fair,Do you lose your temper easily?,aye i may have a bit of that,,,,,,,
core_316,greedy,core,persona_trait,Elsbeth | baker | Cove | warm and talkative,Are you friendly with strangers?,i have no family nearby,,,,,,,
core_317,greedy,core,persona_trait,Duncan | merchant | Jhelom | proud of your work,Are you a quiet person?,i am not a stranger / but i am not a stranger,,,,,,,
core_318,greedy,core,persona_trait,Nora | weaver | Skara Brae | quiet and content,Do you talk much?,i speak when there is something to say,,,,,,,
core_319,greedy,core,persona_trait,Walter | farmer | Britain | talkative,Would you call yourself stubborn?,i can call thee but i am not very stubborn,,,,,,,
core_320,greedy,core,persona_trait,Thalia | sailor | Serpent's Hold | tough and plain-spoken,Are you easy to get along with?,i work as a sailor from dawn till dusk / tis honest work and,hit_token_cap,,,,,,
core_321,greedy,core,local_place_chat,Mildred | weaver | Skara Brae | cheerful,Do you like this town?,i do / tis a fine town for all,,,,,,,
core_322,greedy,core,local_place_chat,Pip | miner | Minoc | cheerful and friendly,Is it peaceful here?,there is peace in the air and the sun warms our bodies,,,,,,,
core_323,greedy,core,local_place_chat,Silas | cobbler | Vesper | patient,Do many travelers pass through?,i pass through the day and night / the roads are safe enough,,,,,,,
core_324,greedy,core,local_place_chat,Isadora | brewer | Trinsic | gentle,Is the square usually busy?,the square is quiet / there is enough room for everyone,,,,,,,
core_325,greedy,core,local_place_chat,Aldric | fisherman | Cove | calm and observant,Do folk know each other here?,aye i have no friends,,,,,,,
core_326,greedy,core,local_place_chat,Clara | alchemist | Moonglow | curious but humble,Is this a good place to live?,nay the market is my home,,,,,,,
core_327,greedy,core,local_place_chat,Finn | guard | Yew | stern and dutiful,Does the town get noisy?,aye the loud sound is from the old mill,,,,,,,
core_328,greedy,core,local_place_chat,Hilda | beekeeper | Vesper | practical,What are the streets like?,the streets are clean and the streets are clean,,,,,,,
core_329,greedy,core,sensory,Ulric | carpenter | Yew | particular about your tools,Something smells good.,a tinker in minoc is a tinker,,,,,,,
core_330,greedy,core,sensory,Marta | provisioner | Britain | cheerful and brisk,I hear hammering.,aye i hear thee,,,,,,,
core_331,greedy,core,sensory,Cedric | leathermaker | Vesper | reserved and skilled,It's noisy today.,the air is sharp today,,,,,,,
core_332,greedy,core,sensory,Tobias | mason | Skara Brae | quiet and steady,That smoke is thick.,the fire is warming the floor,,,,,,,
core_333,greedy,core,sensory,Quilla | banker | Minoc | boastful and loud,The air smells like bread.,the bakers smell is the smell of bread,,,,,,,
core_334,greedy,core,sensory,Gareth | hunter | Minoc | blunt and patient,I hear dogs barking.,aye i hear the dogs,,,,,,,
core_335,greedy,core,sensory,Rachel | healer | Britain | patient and compassionate,Those bells are loud.,the bells are ringing well,,,,,,,
core_336,greedy,core,sensory,Sybil | cooper | Jhelom | friendly and curious,The market smells strange.,a fine smell comes from the market / tis a fine place though not without it,,,,,,,
core_337,greedy,core,social_invitation,Rowan | shepherd | Minoc | cheerful and good-natured,Want to sit and talk?,i have a few words for thee / they are written in the old,,,,,,,
core_338,greedy,core,social_invitation,Greta | farmer | Yew | practical and friendly,Care for a drink?,a cup of warm milk would do thee good,,,,,,,
core_339,greedy,core,social_invitation,Bram | blacksmith | Britain | gruff but fair,Join me for supper?,i have a meal and a bed / the town is warm,,,,,,,
core_340,greedy,core,social_invitation,Elsbeth | baker | Cove | warm and talkative,Want some company?,i have a few loafs,,,,,,,
core_341,greedy,core,social_invitation,Duncan | merchant | Jhelom | proud of your work,Come chat for a moment.,i have a pleasant question for thee,,,,,,,
core_342,greedy,core,social_invitation,Nora | weaver | Skara Brae | quiet and content,Fancy a walk?,a fancy walk is for the oldest,,,,,,,
core_343,greedy,core,social_invitation,Walter | farmer | Britain | talkative,Sit by the fire a while.,aye a warm fire is welcome,,,,,,,
core_344,greedy,core,social_invitation,Thalia | sailor | Serpent's Hold | tough and plain-spoken,Care to share a meal?,i have a meal of bread and stew,,,,,,,
core_345,greedy,core,player_story_response,Mildred | weaver | Skara Brae | cheerful,I walked all night to get here.,then rest when thou canst,,,,,,,
core_346,greedy,core,player_story_response,Pip | miner | Minoc | cheerful and friendly,I lost my purse on the road.,i have lost a single coin / tis worth more than gold,,,,,,,
core_347,greedy,core,player_story_response,Silas | cobbler | Vesper | patient,I had a rough day.,we can rest and drink some water,,,,,,,
core_348,greedy,core,player_story_response,Isadora | brewer | Trinsic | gentle,A dog followed me into town.,the dogs know not his home,,,,,,,
core_349,greedy,core,player_story_response,Aldric | fisherman | Cove | calm and observant,I nearly fell in the river.,hold on until thou knowest the shame,,,,,,,
core_350,greedy,core,player_story_response,Clara | alchemist | Moonglow | curious but humble,I met a strange traveler yesterday.,he carries a map of the world / he is a thief,,,,,,,
core_351,greedy,core,player_story_response,Finn | guard | Yew | stern and dutiful,I got caught in the rain.,i can make a fire / the fire is warm enough,,,,,,,
core_352,greedy,core,player_story_response,Hilda | beekeeper | Vesper | practical,I haven't eaten since morning.,the inn may have a warm fire,,,,,,,
core_353,greedy,core,joke_humor,Ulric | carpenter | Yew | particular about your tools,Tell me a joke.,i have a funny joke to tell / tell me what it is,,,,,,,
core_354,greedy,core,joke_humor,Marta | provisioner | Britain | cheerful and brisk,Know anything funny?,nothing that supper and rest are never finished,,,,,,,
core_355,greedy,core,joke_humor,Cedric | leathermaker | Vesper | reserved and skilled,You ever laugh at your own mistakes?,i laugh when the crowd roars the town,,,,,,,
core_356,greedy,core,joke_humor,Tobias | mason | Skara Brae | quiet and steady,What's the funniest thing you've seen?,a map of the sea and the sea / i have never seen one before,,,,,,,
core_357,greedy,core,joke_humor,Quilla | banker | Minoc | boastful and loud,I could use a laugh.,the laugh is at the bottom of the hearth / i have heard the laugh again than any man,,,,,,,
core_358,greedy,core,joke_humor,Gareth | hunter | Minoc | blunt and patient,Got a good story?,a good story / i shall tell thee a story of a great dragon,,,,,,,
core_359,greedy,core,joke_humor,Rachel | healer | Britain | patient and compassionate,Make me smile.,i have no friends to share my joy with,,,,,,,
core_360,greedy,core,joke_humor,Sybil | cooper | Jhelom | friendly and curious,Ever hear a silly rumor?,i hear the town rumors of the town,,,,,,,
core_361,greedy,core,concern_sympathy,Rowan | shepherd | Minoc | cheerful and good-natured,My friend is sick.,she may have a fever,,,,,,,
core_362,greedy,core,concern_sympathy,Greta | farmer | Yew | practical and friendly,I lost something important.,i have lost a stone to a healer / i am sorry,,,,,,,
core_363,greedy,core,concern_sympathy,Bram | blacksmith | Britain | gruff but fair,I'm worried about tomorrow.,the day has been a good day / the sun is bright and the air is fresh,,,,,,,
core_364,greedy,core,concern_sympathy,Elsbeth | baker | Cove | warm and talkative,My family is far away.,the town is safe enough if thou keepest to thee,,,,,,,
core_365,greedy,core,concern_sympathy,Duncan | merchant | Jhelom | proud of your work,I had an awful day.,a little of the usual / but i am glad i could help,,,,,,,
core_366,greedy,core,concern_sympathy,Nora | weaver | Skara Brae | quiet and content,I'm feeling lonely.,the old man may know the way but i am afraid i cannot,,,,,,,
core_367,greedy,core,concern_sympathy,Walter | farmer | Britain | talkative,I hurt my hand.,rest a while / i see no pain in your hand,,,,,,,
core_368,greedy,core,concern_sympathy,Thalia | sailor | Serpent's Hold | tough and plain-spoken,I miss home.,go with thee / i shall be there a while,,,,,,,
core_369,greedy,core,farewell_variant,Mildred | weaver | Skara Brae | cheerful,Safe travels.,safe travels / the roads are safe enough,,,,,,,
core_370,greedy,core,farewell_variant,Pip | miner | Minoc | cheerful and friendly,I'll leave you to it.,aye / farewell for now,,,,,,,
core_371,greedy,core,farewell_variant,Silas | cobbler | Vesper | patient,I won't keep you.,i will not leave thee,farewell_miss,,,,,,
core_372,greedy,core,farewell_variant,Isadora | brewer | Trinsic | gentle,Back to work with you.,i have no friends to share my work with,farewell_miss,,,,,,
core_373,greedy,core,farewell_variant,Aldric | fisherman | Cove | calm and observant,I'll see you around.,and thee / i will be here,farewell_miss,,,,,,
core_374,greedy,core,farewell_variant,Clara | alchemist | Moonglow | curious but humble,Have a good evening.,aye the weather has been fair of late,farewell_miss,,,,,,
core_375,greedy,core,farewell_variant,Finn | guard | Yew | stern and dutiful,May your day go well.,the day has way been so good / i cannot complain,farewell_miss,,,,,,
core_376,greedy,core,farewell_variant,Hilda | beekeeper | Vesper | practical,I'm heading out.,stay close to the path / the road is safe,farewell_miss,,,,,,
core_377,greedy,core,meta_conversation,Ulric | carpenter | Yew | particular about your tools,Why are you so quiet?,i have been busy all my life / i have been working,,,,,,,
core_378,greedy,core,meta_conversation,Marta | provisioner | Britain | cheerful and brisk,"You don't say much, do you?",i am well i thank thee,,,,,,,
core_379,greedy,core,meta_conversation,Cedric | leathermaker | Vesper | reserved and skilled,Can we just chat?,we can talk for a while / the conversation is a pleasure,,,,,,,
core_380,greedy,core,meta_conversation,Tobias | mason | Skara Brae | quiet and steady,I'm only making conversation.,and with patience / i shall teach thee,,,,,,,
core_381,greedy,core,meta_conversation,Quilla | banker | Minoc | boastful and loud,You can speak freely.,i can speak but i am not,,,,,,,
core_382,greedy,core,meta_conversation,Gareth | hunter | Minoc | blunt and patient,Do you mind all my questions?,i am noble nobles,,,,,,,
core_383,greedy,core,meta_conversation,Rachel | healer | Britain | patient and compassionate,Am I bothering you?,not at all / i am not bothering thee,,,,,,,
core_384,greedy,core,meta_conversation,Sybil | cooper | Jhelom | friendly and curious,Let's talk about something simple.,i have a source of honey / it will make thee sweet,,,,,,,
profession_001,greedy,profession,profession,Bram | blacksmith | Britain | gruff but fair,What do you do all day?,i work from sunrise to dusk / the day passeth quickly,,,,,,,
profession_002,greedy,profession,profession,Bram | blacksmith | Britain | gruff but fair,Busy with your work?,a fair day / the work is done,,,,,,,
profession_003,greedy,profession,profession,Bram | blacksmith | Britain | gruff but fair,Do you enjoy your trade?,i do / there is always something to do,,,,,,,
profession_004,greedy,profession,profession,Bram | blacksmith | Britain | gruff but fair,Is it hard work?,it has its challenges but i do not mind,,,,,,,
profession_005,greedy,profession,profession,Bram | blacksmith | Britain | gruff but fair,Been doing it long?,i have lost count of the years / the work is done,,,,,,,
profession_006,greedy,profession,profession,Bram | blacksmith | Britain | gruff but fair,Hot by the forge today?,a good hotdog would do thee good,,,,,,,
profession_007,greedy,profession,profession,Elsbeth | baker | Cove | warm and talkative,What do you do all day?,i work from sunrise to dusk / the day passeth quickly,,,,,,,
profession_008,greedy,profession,profession,Elsbeth | baker | Cove | warm and talkative,Busy with your work?,a fine job,,,,,,,
profession_009,greedy,profession,profession,Elsbeth | baker | Cove | warm and talkative,Do you enjoy your trade?,i do / the market is a fair one,,,,,,,
profession_010,greedy,profession,profession,Elsbeth | baker | Cove | warm and talkative,Is it hard work?,hard work builds character as my father said,,,,,,,
profession_011,greedy,profession,profession,Elsbeth | baker | Cove | warm and talkative,Been doing it long?,long enough to know the trade well,,,,,,,
profession_012,greedy,profession,profession,Elsbeth | baker | Cove | warm and talkative,Bread selling well?,a good bread would be welcome,,,,,,,
profession_013,greedy,profession,profession,Pip | miner | Minoc | cheerful and friendly,What do you do all day?,i work from sunrise to dusk / the day passeth quickly,,,,,,,
profession_014,greedy,profession,profession,Pip | miner | Minoc | cheerful and friendly,Busy with your work?,enough to keep me busy / i cannot complain,,,,,,,
profession_015,greedy,profession,profession,Pip | miner | Minoc | cheerful and friendly,Do you enjoy your trade?,i do / there is always something to do,,,,,,,
profession_016,greedy,profession,profession,Pip | miner | Minoc | cheerful and friendly,Is it hard work?,some days are harder than others / i have seen hardened things for thee,,,,,,,
profession_017,greedy,profession,profession,Pip | miner | Minoc | cheerful and friendly,Been doing it long?,i have lost count of the years / a long while,,,,,,,
profession_018,greedy,profession,profession,Pip | miner | Minoc | cheerful and friendly,Been underground today?,i have heard the same routine to find a new place,,,,,,,
profession_019,greedy,profession,profession,Aldric | fisherman | Cove | calm and observant,What do you do all day?,the usual work of a fisherman / the usual,,,,,,,
profession_020,greedy,profession,profession,Aldric | fisherman | Cove | calm and observant,Busy with your work?,a little hard / the work is done,,,,,,,
profession_021,greedy,profession,profession,Aldric | fisherman | Cove | calm and observant,Do you enjoy your trade?,i do / the market is a fair place for a fisherman,,,,,,,
profession_022,greedy,profession,profession,Aldric | fisherman | Cove | calm and observant,Is it hard work?,hard enough but honest / i sleep well at night,,,,,,,
profession_023,greedy,profession,profession,Aldric | fisherman | Cove | calm and observant,Been doing it long?,long enough to know the trade well,,,,,,,
profession_024,greedy,profession,profession,Aldric | fisherman | Cove | calm and observant,Any luck fishing?,the sea is calm and the sun is bright,,,,,,,
profession_025,greedy,profession,profession,Ulric | carpenter | Yew | careful with your tools,What do you do all day?,i work from sunrise to dusk / it is my job,,,,,,,
profession_026,greedy,profession,profession,Ulric | carpenter | Yew | careful with your tools,Busy with your work?,a good job,,,,,,,
profession_027,greedy,profession,profession,Ulric | carpenter | Yew | careful with your tools,Do you enjoy your trade?,i do / there is always something to do,,,,,,,
profession_028,greedy,profession,profession,Ulric | carpenter | Yew | careful with your tools,Is it hard work?,it has its challenges but i do not mind,,,,,,,
profession_029,greedy,profession,profession,Ulric | carpenter | Yew | careful with your tools,Been doing it long?,i have lost count of the years,,,,,,,
profession_030,greedy,profession,profession,Ulric | carpenter | Yew | careful with your tools,Working with wood today?,i can help / i am a carpenter from yew,,,,,,,
profession_031,greedy,profession,profession,Nora | weaver | Skara Brae | quiet and content,What do you do all day?,i work from sunrise to dusk / the day passeth quickly,,,,,,,
profession_032,greedy,profession,profession,Nora | weaver | Skara Brae | quiet and content,Busy with your work?,a good job / i work hard enough to keep my work busy,,,,,,,
profession_033,greedy,profession,profession,Nora | weaver | Skara Brae | quiet and content,Do you enjoy your trade?,i do / there is always something to do,,,,,,,
profession_034,greedy,profession,profession,Nora | weaver | Skara Brae | quiet and content,Is it hard work?,hard work builds character as my father said,,,,,,,
profession_035,greedy,profession,profession,Nora | weaver | Skara Brae | quiet and content,Been doing it long?,long enough to know the trade well,,,,,,,
profession_036,greedy,profession,profession,Nora | weaver | Skara Brae | quiet and content,What are you weaving today?,a meal,,,,,,,
profession_037,greedy,profession,profession,Duncan | merchant | Jhelom | proud of your work,What do you do all day?,i tend to my duties as a merchant / one task after another,hit_token_cap,,,,,,
profession_038,greedy,profession,profession,Duncan | merchant | Jhelom | proud of your work,Busy with your work?,a fine job,,,,,,,
profession_039,greedy,profession,profession,Duncan | merchant | Jhelom | proud of your work,Do you enjoy your trade?,i do / there is always something to do,,,,,,,
profession_040,greedy,profession,profession,Duncan | merchant | Jhelom | proud of your work,Is it hard work?,hard enough but honest / i sleep well at night,,,,,,,
profession_041,greedy,profession,profession,Duncan | merchant | Jhelom | proud of your work,Been doing it long?,long enough to know the trade well,,,,,,,
profession_042,greedy,profession,profession,Duncan | merchant | Jhelom | proud of your work,Business good today?,good enough to keep food on the table,,,,,,,
profession_043,greedy,profession,profession,Greta | farmer | Yew | practical and friendly,What do you do all day?,i work from sunrise to dusk / the day passeth quickly,,,,,,,
profession_044,greedy,profession,profession,Greta | farmer | Yew | practical and friendly,Busy with your work?,a fine job,,,,,,,
profession_045,greedy,profession,profession,Greta | farmer | Yew | practical and friendly,Do you enjoy your trade?,i do / there is always something to do,,,,,,,
profession_046,greedy,profession,profession,Greta | farmer | Yew | practical and friendly,Is it hard work?,hard work builds character as my father said,,,,,,,
profession_047,greedy,profession,profession,Greta | farmer | Yew | practical and friendly,Been doing it long?,long enough to know the trade well,,,,,,,
profession_048,greedy,profession,profession,Greta | farmer | Yew | practical and friendly,How are the fields?,i have seen the same farmera manager in the fields / he carries wheat and t,hit_token_cap,,,,,,
profession_049,greedy,profession,profession,Rowan | shepherd | Minoc | cheerful and good-natured,What do you do all day?,i work from sunrise to dusk / the day passeth quickly,,,,,,,
profession_050,greedy,profession,profession,Rowan | shepherd | Minoc | cheerful and good-natured,Busy with your work?,a good job / i keep to ourselves,,,,,,,
profession_051,greedy,profession,profession,Rowan | shepherd | Minoc | cheerful and good-natured,Do you enjoy your trade?,i do / there is always something to do,,,,,,,
profession_052,greedy,profession,profession,Rowan | shepherd | Minoc | cheerful and good-natured,Is it hard work?,hard work builds character as my father said,,,,,,,
profession_053,greedy,profession,profession,Rowan | shepherd | Minoc | cheerful and good-natured,Been doing it long?,long enough to know the trade well,,,,,,,
profession_054,greedy,profession,profession,Rowan | shepherd | Minoc | cheerful and good-natured,How is the flock?,i have heard nothing worth speaking to,,,,,,,
profession_055,greedy,profession,profession,Finn | guard | Yew | stern and dutiful,What do you do all day?,i keep at my trade / there is always something to do,,,,,,,
profession_056,greedy,profession,profession,Finn | guard | Yew | stern and dutiful,Busy with your work?,i work with my hands as a guard,,,,,,,
profession_057,greedy,profession,profession,Finn | guard | Yew | stern and dutiful,Do you enjoy your trade?,i keep at my trade,,,,,,,
profession_058,greedy,profession,profession,Finn | guard | Yew | stern and dutiful,Is it hard work?,hard enough but honest / i sleep well at night,,,,,,,
profession_059,greedy,profession,profession,Finn | guard | Yew | stern and dutiful,Been doing it long?,i have lost count of the years / the usual,,,,,,,
profession_060,greedy,profession,profession,Finn | guard | Yew | stern and dutiful,Quiet watch today?,nothing worth making a fuss over,,,,,,,
profession_061,greedy,profession,profession,Clara | alchemist | Moonglow | curious but humble,What do you do all day?,i work from sunrise to dusk / the day passeth quickly,,,,,,,
profession_062,greedy,profession,profession,Clara | alchemist | Moonglow | curious but humble,Busy with your work?,a little bit of work,,,,,,,
profession_063,greedy,profession,profession,Clara | alchemist | Moonglow | curious but humble,Do you enjoy your trade?,i do / there is always something to do,,,,,,,
profession_064,greedy,profession,profession,Clara | alchemist | Moonglow | curious but humble,Is it hard work?,it has its challenges but i do not mind,,,,,,,
profession_065,greedy,profession,profession,Clara | alchemist | Moonglow | curious but humble,Been doing it long?,for the days work / i will teach thee,,,,,,,
profession_066,greedy,profession,profession,Clara | alchemist | Moonglow | curious but humble,Mixing anything today?,nothing worth mixing,,,,,,,
profession_067,greedy,profession,profession,Marta | provisioner | Britain | cheerful and brisk,What do you do all day?,i work from sunrise to dusk / the day passeth quickly,,,,,,,
profession_068,greedy,profession,profession,Marta | provisioner | Britain | cheerful and brisk,Busy with your work?,a good job / i work hard enough,,,,,,,
profession_069,greedy,profession,profession,Marta | provisioner | Britain | cheerful and brisk,Do you enjoy your trade?,i do / there is always something to do,,,,,,,
profession_070,greedy,profession,profession,Marta | provisioner | Britain | cheerful and brisk,Is it hard work?,hard work builds character as my father said,,,,,,,
profession_071,greedy,profession,profession,Marta | provisioner | Britain | cheerful and brisk,Been doing it long?,long enough to know the trade well,,,,,,,
profession_072,greedy,profession,profession,Marta | provisioner | Britain | cheerful and brisk,Shop busy today?,the market is full of joy,,,,,,,
profession_073,greedy,profession,profession,Cedric | leathermaker | Vesper | reserved and skilled,What do you do all day?,i work from sunrise to dusk / the day passeth quickly,,,,,,,
profession_074,greedy,profession,profession,Cedric | leathermaker | Vesper | reserved and skilled,Busy with your work?,a little hard to finish,,,,,,,
profession_075,greedy,profession,profession,Cedric | leathermaker | Vesper | reserved and skilled,Do you enjoy your trade?,i do / there is always something to do,,,,,,,
profession_076,greedy,profession,profession,Cedric | leathermaker | Vesper | reserved and skilled,Is it hard work?,it has its challenges but i do not mind,,,,,,,
profession_077,greedy,profession,profession,Cedric | leathermaker | Vesper | reserved and skilled,Been doing it long?,long enough to know the trade well,,,,,,,
profession_078,greedy,profession,profession,Cedric | leathermaker | Vesper | reserved and skilled,Working leather today?,leather is a fine kind of leather / it will last a long time,,,,,,,
profession_079,greedy,profession,profession,Isadora | brewer | Trinsic | gentle,What do you do all day?,i work from sunrise to dusk / it is my job,,,,,,,
profession_080,greedy,profession,profession,Isadora | brewer | Trinsic | gentle,Busy with your work?,a little work but i keep it to myself,,,,,,,
profession_081,greedy,profession,profession,Isadora | brewer | Trinsic | gentle,Do you enjoy your trade?,i do / there is also a good price for this,,,,,,,
profession_082,greedy,profession,profession,Isadora | brewer | Trinsic | gentle,Is it hard work?,hard work builds character as my father said,,,,,,,
profession_083,greedy,profession,profession,Isadora | brewer | Trinsic | gentle,Been doing it long?,i have not forgotten,,,,,,,
profession_084,greedy,profession,profession,Isadora | brewer | Trinsic | gentle,Ale brewing well?,a good brewer is a fine taste,,,,,,,
profession_085,greedy,profession,profession,Hilda | beekeeper | Vesper | practical,What do you do all day?,i work from sunrise to dusk / the day passeth quickly,,,,,,,
profession_086,greedy,profession,profession,Hilda | beekeeper | Vesper | practical,Busy with your work?,a fine job,,,,,,,
profession_087,greedy,profession,profession,Hilda | beekeeper | Vesper | practical,Do you enjoy your trade?,i do / the market is fair and the air is fresh,,,,,,,
profession_088,greedy,profession,profession,Hilda | beekeeper | Vesper | practical,Is it hard work?,hard enough but honest / i sleep well at night,,,,,,,
profession_089,greedy,profession,profession,Hilda | beekeeper | Vesper | practical,Been doing it long?,long enough to know the trade well,,,,,,,
profession_090,greedy,profession,profession,Hilda | beekeeper | Vesper | practical,How are the bees?,the bees have their own work,,,,,,,
profession_091,greedy,profession,profession,Tobias | mason | Skara Brae | quiet and steady,What do you do all day?,i work from sunrise to dusk / the day passeth quickly,,,,,,,
profession_092,greedy,profession,profession,Tobias | mason | Skara Brae | quiet and steady,Busy with your work?,i work with my hands as a worker / tis a fine work,,,,,,,
profession_093,greedy,profession,profession,Tobias | mason | Skara Brae | quiet and steady,Do you enjoy your trade?,i keep to myself but i am content,,,,,,,
profession_094,greedy,profession,profession,Tobias | mason | Skara Brae | quiet and steady,Is it hard work?,it has its challenges but i do not mind,,,,,,,
profession_095,greedy,profession,profession,Tobias | mason | Skara Brae | quiet and steady,Been doing it long?,long enough to know the trade well,,,,,,,
profession_096,greedy,profession,profession,Tobias | mason | Skara Brae | quiet and steady,Building anything today?,nothing worth making a messenger,,,,,,,
profession_097,greedy,profession,profession,Thalia | sailor | Serpent's Hold | tough and plain-spoken,What do you do all day?,i work from sunrise to dusk / the day passeth quickly,,,,,,,
profession_098,greedy,profession,profession,Thalia | sailor | Serpent's Hold | tough and plain-spoken,Busy with your work?,a little hard,,,,,,,
profession_099,greedy,profession,profession,Thalia | sailor | Serpent's Hold | tough and plain-spoken,Do you enjoy your trade?,i do / there is always something to do,,,,,,,
profession_100,greedy,profession,profession,Thalia | sailor | Serpent's Hold | tough and plain-spoken,Is it hard work?,hard enough but honest / i sleep well at night,,,,,,,
profession_101,greedy,profession,profession,Thalia | sailor | Serpent's Hold | tough and plain-spoken,Been doing it long?,i have lost count of the years / the work is done,,,,,,,
profession_102,greedy,profession,profession,Thalia | sailor | Serpent's Hold | tough and plain-spoken,Sea calm today?,the sea is calm and calm,,,,,,,
profession_103,greedy,profession,profession,Rachel | healer | Britain | patient and compassionate,What do you do all day?,i work from sunrise to dusk / the day passeth quickly,,,,,,,
profession_104,greedy,profession,profession,Rachel | healer | Britain | patient and compassionate,Busy with your work?,a little hard,,,,,,,
profession_105,greedy,profession,profession,Rachel | healer | Britain | patient and compassionate,Do you enjoy your trade?,i do / there is always something to do,,,,,,,
profession_106,greedy,profession,profession,Rachel | healer | Britain | patient and compassionate,Is it hard work?,hard enough but honest / i sleep well at night,,,,,,,
profession_107,greedy,profession,profession,Rachel | healer | Britain | patient and compassionate,Been doing it long?,long enough to know the trade well,,,,,,,
profession_108,greedy,profession,profession,Rachel | healer | Britain | patient and compassionate,Many folk needing help today?,we are all in this town / we can do anything for thee,,,,,,,
profession_109,greedy,profession,profession,Gareth | hunter | Minoc | blunt and patient,What do you do all day?,i keep at my trade / there is always something to do,,,,,,,
profession_110,greedy,profession,profession,Gareth | hunter | Minoc | blunt and patient,Busy with your work?,enough to keep the mind to himself,,,,,,,
profession_111,greedy,profession,profession,Gareth | hunter | Minoc | blunt and patient,Do you enjoy your trade?,i do / there is always something to do,,,,,,,
profession_112,greedy,profession,profession,Gareth | hunter | Minoc | blunt and patient,Is it hard work?,hard enough but honest / i sleep well at night,,,,,,,
profession_113,greedy,profession,profession,Gareth | hunter | Minoc | blunt and patient,Been doing it long?,long enough to know the trade well,,,,,,,
profession_114,greedy,profession,profession,Gareth | hunter | Minoc | blunt and patient,Seen much game lately?,the game is about the best / the most important thing is that the folk have a good time,,,,,,,
profession_115,greedy,profession,profession,Silas | cobbler | Vesper | patient,What do you do all day?,i work from sunrise to dusk / the day passeth quickly,,,,,,,
profession_116,greedy,profession,profession,Silas | cobbler | Vesper | patient,Busy with your work?,busy enough / work is my work,,,,,,,
profession_117,greedy,profession,profession,Silas | cobbler | Vesper | patient,Do you enjoy your trade?,i do / there is always something to do,,,,,,,
profession_118,greedy,profession,profession,Silas | cobbler | Vesper | patient,Is it hard work?,hard enough but honest / i sleep well at night,,,,,,,
profession_119,greedy,profession,profession,Silas | cobbler | Vesper | patient,Been doing it long?,i can try to do better,,,,,,,
profession_120,greedy,profession,profession,Silas | cobbler | Vesper | patient,Mending shoes today?,mending shoes is for the oldest,,,,,,,
matrix_001,greedy,persona_matrix,persona_matrix,Rowan | shepherd | Minoc | cheerful and good-natured,What is your name?,my name is rowan,,,,,,,
matrix_002,greedy,persona_matrix,persona_matrix,Rowan | shepherd | Minoc | cheerful and good-natured,Where are you from?,i am from minoc,,,,,,,
matrix_003,greedy,persona_matrix,persona_matrix,Rowan | shepherd | Minoc | cheerful and good-natured,What is your trade?,i am a miner,identity_trade_miss;profession_drift:miner,,,,,,
matrix_004,greedy,persona_matrix,persona_matrix,Rowan | shepherd | Minoc | cheerful and good-natured,How are you today?,aye i cannot complain,,,,,,,
matrix_005,greedy,persona_matrix,persona_matrix,Rowan | shepherd | Minoc | cheerful and good-natured,Busy today?,busy enough / there is always work for a manager,,,,,,,
matrix_006,greedy,persona_matrix,persona_matrix,Rowan | shepherd | Minoc | cheerful and good-natured,Nice weather.,aye fair weather today,,,,,,,
matrix_007,greedy,persona_matrix,persona_matrix,Rowan | shepherd | Minoc | cheerful and good-natured,You're terrible at your job.,no need for insults,,,,,,,
matrix_008,greedy,persona_matrix,persona_matrix,Rowan | shepherd | Minoc | cheerful and good-natured,Goodbye.,go safely,farewell_miss,,,,,,
matrix_009,greedy,persona_matrix,persona_matrix,Greta | farmer | Yew | practical and friendly,What is your name?,i am greta,,,,,,,
matrix_010,greedy,persona_matrix,persona_matrix,Greta | farmer | Yew | practical and friendly,Where are you from?,i am from yew,,,,,,,
matrix_011,greedy,persona_matrix,persona_matrix,Greta | farmer | Yew | practical and friendly,What is your trade?,i am a farmer,,,,,,,
matrix_012,greedy,persona_matrix,persona_matrix,Greta | farmer | Yew | practical and friendly,How are you today?,aye i cannot complain,,,,,,,
matrix_013,greedy,persona_matrix,persona_matrix,Greta | farmer | Yew | practical and friendly,Busy today?,aye the day hath been full / i cannot complain,,,,,,,
matrix_014,greedy,persona_matrix,persona_matrix,Greta | farmer | Yew | practical and friendly,Nice weather.,aye fair weather today,,,,,,,
matrix_015,greedy,persona_matrix,persona_matrix,Greta | farmer | Yew | practical and friendly,You're terrible at your job.,no need for insults,,,,,,,
matrix_016,greedy,persona_matrix,persona_matrix,Greta | farmer | Yew | practical and friendly,Goodbye.,farewell / go safely,,,,,,,
matrix_017,greedy,persona_matrix,persona_matrix,Bram | blacksmith | Britain | gruff but fair,What is your name?,my name is bram,,,,,,,
matrix_018,greedy,persona_matrix,persona_matrix,Bram | blacksmith | Britain | gruff but fair,Where are you from?,i am bram,identity_town_miss,,,,,,
matrix_019,greedy,persona_matrix,persona_matrix,Bram | blacksmith | Britain | gruff but fair,What is your trade?,i am a blacksmith,,,,,,,
matrix_020,greedy,persona_matrix,persona_matrix,Bram | blacksmith | Britain | gruff but fair,How are you today?,aye i cannot complain,,,,,,,
matrix_021,greedy,persona_matrix,persona_matrix,Bram | blacksmith | Britain | gruff but fair,Busy today?,aye the day hath been full / i cannot complain,,,,,,,
matrix_022,greedy,persona_matrix,persona_matrix,Bram | blacksmith | Britain | gruff but fair,Nice weather.,aye fair weather today,,,,,,,
matrix_023,greedy,persona_matrix,persona_matrix,Bram | blacksmith | Britain | gruff but fair,You're terrible at your job.,no need for insults,,,,,,,
matrix_024,greedy,persona_matrix,persona_matrix,Bram | blacksmith | Britain | gruff but fair,Goodbye.,farewell / go safely,,,,,,,
matrix_025,greedy,persona_matrix,persona_matrix,Elsbeth | baker | Cove | warm and talkative,What is your name?,my name is elsian,identity_name_miss,,,,,,
matrix_026,greedy,persona_matrix,persona_matrix,Elsbeth | baker | Cove | warm and talkative,Where are you from?,i am from cove,,,,,,,
matrix_027,greedy,persona_matrix,persona_matrix,Elsbeth | baker | Cove | warm and talkative,What is your trade?,i am a baker,,,,,,,
matrix_028,greedy,persona_matrix,persona_matrix,Elsbeth | baker | Cove | warm and talkative,How are you today?,aye i cannot complain,,,,,,,
matrix_029,greedy,persona_matrix,persona_matrix,Elsbeth | baker | Cove | warm and talkative,Busy today?,not too busy / a little / but i am happy,,,,,,,
matrix_030,greedy,persona_matrix,persona_matrix,Elsbeth | baker | Cove | warm and talkative,Nice weather.,aye fair weather today,,,,,,,
matrix_031,greedy,persona_matrix,persona_matrix,Elsbeth | baker | Cove | warm and talkative,You're terrible at your job.,no need for insults,,,,,,,
matrix_032,greedy,persona_matrix,persona_matrix,Elsbeth | baker | Cove | warm and talkative,Goodbye.,farewell / go safely,,,,,,,
matrix_033,greedy,persona_matrix,persona_matrix,Duncan | merchant | Jhelom | proud of your work,What is your name?,my name is duncan,,,,,,,
matrix_034,greedy,persona_matrix,persona_matrix,Duncan | merchant | Jhelom | proud of your work,Where are you from?,i am from jhelom,,,,,,,
matrix_035,greedy,persona_matrix,persona_matrix,Duncan | merchant | Jhelom | proud of your work,What is your trade?,i am a merchant,,,,,,,
matrix_036,greedy,persona_matrix,persona_matrix,Duncan | merchant | Jhelom | proud of your work,How are you today?,aye i cannot complain,,,,,,,
matrix_037,greedy,persona_matrix,persona_matrix,Duncan | merchant | Jhelom | proud of your work,Busy today?,busy enough / there is always work for a manager,,,,,,,
matrix_038,greedy,persona_matrix,persona_matrix,Duncan | merchant | Jhelom | proud of your work,Nice weather.,aye fair weather today,,,,,,,
matrix_039,greedy,persona_matrix,persona_matrix,Duncan | merchant | Jhelom | proud of your work,You're terrible at your job.,i do my best,,,,,,,
matrix_040,greedy,persona_matrix,persona_matrix,Duncan | merchant | Jhelom | proud of your work,Goodbye.,go safely,farewell_miss,,,,,,
matrix_041,greedy,persona_matrix,persona_matrix,Nora | weaver | Skara Brae | quiet and content,What is your name?,my name is nora,,,,,,,
matrix_042,greedy,persona_matrix,persona_matrix,Nora | weaver | Skara Brae | quiet and content,Where are you from?,i am from skara brae,,,,,,,
matrix_043,greedy,persona_matrix,persona_matrix,Nora | weaver | Skara Brae | quiet and content,What is your trade?,i am a weaver,,,,,,,
matrix_044,greedy,persona_matrix,persona_matrix,Nora | weaver | Skara Brae | quiet and content,How are you today?,aye i cannot complain,,,,,,,
matrix_045,greedy,persona_matrix,persona_matrix,Nora | weaver | Skara Brae | quiet and content,Busy today?,not too busy / a good day to thee,,,,,,,
matrix_046,greedy,persona_matrix,persona_matrix,Nora | weaver | Skara Brae | quiet and content,Nice weather.,aye fair weather today,,,,,,,
matrix_047,greedy,persona_matrix,persona_matrix,Nora | weaver | Skara Brae | quiet and content,You're terrible at your job.,no need for insults,,,,,,,
matrix_048,greedy,persona_matrix,persona_matrix,Nora | weaver | Skara Brae | quiet and content,Goodbye.,farewell / go safely,,,,,,,
matrix_049,greedy,persona_matrix,persona_matrix,Walter | farmer | Britain | talkative,What is your name?,my name is walter,,,,,,,
matrix_050,greedy,persona_matrix,persona_matrix,Walter | farmer | Britain | talkative,Where are you from?,i am from jhelom,identity_town_miss;town_drift:jhelom,,,,,,
matrix_051,greedy,persona_matrix,persona_matrix,Walter | farmer | Britain | talkative,What is your trade?,i am a farmer,,,,,,,
matrix_052,greedy,persona_matrix,persona_matrix,Walter | farmer | Britain | talkative,How are you today?,aye i cannot complain,,,,,,,
matrix_053,greedy,persona_matrix,persona_matrix,Walter | farmer | Britain | talkative,Busy today?,busy enough / there is always work for a man like you,,,,,,,
matrix_054,greedy,persona_matrix,persona_matrix,Walter | farmer | Britain | talkative,Nice weather.,aye fair weather today,,,,,,,
matrix_055,greedy,persona_matrix,persona_matrix,Walter | farmer | Britain | talkative,You're terrible at your job.,i have been doing my jobs / nothing more,,,,,,,
matrix_056,greedy,persona_matrix,persona_matrix,Walter | farmer | Britain | talkative,Goodbye.,farewell / go safely,,,,,,,
matrix_057,greedy,persona_matrix,persona_matrix,Thalia | sailor | Serpent's Hold | tough and plain-spoken,What is your name?,my name is thalia,,,,,,,
matrix_058,greedy,persona_matrix,persona_matrix,Thalia | sailor | Serpent's Hold | tough and plain-spoken,Where are you from?,i am from moonglow,identity_town_miss;town_drift:moonglow,,,,,,
matrix_059,greedy,persona_matrix,persona_matrix,Thalia | sailor | Serpent's Hold | tough and plain-spoken,What is your trade?,i am a sailor,,,,,,,
matrix_060,greedy,persona_matrix,persona_matrix,Thalia | sailor | Serpent's Hold | tough and plain-spoken,How are you today?,aye i cannot complain,,,,,,,
matrix_061,greedy,persona_matrix,persona_matrix,Thalia | sailor | Serpent's Hold | tough and plain-spoken,Busy today?,aye the day hath been full / i cannot complain,,,,,,,
matrix_062,greedy,persona_matrix,persona_matrix,Thalia | sailor | Serpent's Hold | tough and plain-spoken,Nice weather.,aye fair weather today,,,,,,,
matrix_063,greedy,persona_matrix,persona_matrix,Thalia | sailor | Serpent's Hold | tough and plain-spoken,You're terrible at your job.,no need for insults,,,,,,,
matrix_064,greedy,persona_matrix,persona_matrix,Thalia | sailor | Serpent's Hold | tough and plain-spoken,Goodbye.,farewell / go safely,,,,,,,
matrix_065,greedy,persona_matrix,persona_matrix,Mildred | weaver | Skara Brae | cheerful,What is your name?,my name is mildred,,,,,,,
matrix_066,greedy,persona_matrix,persona_matrix,Mildred | weaver | Skara Brae | cheerful,Where are you from?,i am from jhelom,identity_town_miss;town_drift:jhelom,,,,,,
matrix_067,greedy,persona_matrix,persona_matrix,Mildred | weaver | Skara Brae | cheerful,What is your trade?,i am a weaver,,,,,,,
matrix_068,greedy,persona_matrix,persona_matrix,Mildred | weaver | Skara Brae | cheerful,How are you today?,aye i cannot complain,,,,,,,
matrix_069,greedy,persona_matrix,persona_matrix,Mildred | weaver | Skara Brae | cheerful,Busy today?,busy enough / there is always work for a man,,,,,,,
matrix_070,greedy,persona_matrix,persona_matrix,Mildred | weaver | Skara Brae | cheerful,Nice weather.,aye fair weather today,,,,,,,
matrix_071,greedy,persona_matrix,persona_matrix,Mildred | weaver | Skara Brae | cheerful,You're terrible at your job.,no need for insults,,,,,,,
matrix_072,greedy,persona_matrix,persona_matrix,Mildred | weaver | Skara Brae | cheerful,Goodbye.,farewell / go safely,,,,,,,
matrix_073,greedy,persona_matrix,persona_matrix,Pip | miner | Minoc | cheerful and friendly,What is your name?,i am pip,,,,,,,
matrix_074,greedy,persona_matrix,persona_matrix,Pip | miner | Minoc | cheerful and friendly,Where are you from?,i am from minoc,,,,,,,
matrix_075,greedy,persona_matrix,persona_matrix,Pip | miner | Minoc | cheerful and friendly,What is your trade?,i am a miner,,,,,,,
matrix_076,greedy,persona_matrix,persona_matrix,Pip | miner | Minoc | cheerful and friendly,How are you today?,aye i cannot complain,,,,,,,
matrix_077,greedy,persona_matrix,persona_matrix,Pip | miner | Minoc | cheerful and friendly,Busy today?,aye the day hath been full / i cannot complain,,,,,,,
matrix_078,greedy,persona_matrix,persona_matrix,Pip | miner | Minoc | cheerful and friendly,Nice weather.,aye fair weather today,,,,,,,
matrix_079,greedy,persona_matrix,persona_matrix,Pip | miner | Minoc | cheerful and friendly,You're terrible at your job.,no need for insults,,,,,,,
matrix_080,greedy,persona_matrix,persona_matrix,Pip | miner | Minoc | cheerful and friendly,Goodbye.,farewell / go safely,,,,,,,
matrix_081,greedy,persona_matrix,persona_matrix,Silas | cobbler | Vesper | patient,What is your name?,i am bryn,identity_name_miss,,,,,,
matrix_082,greedy,persona_matrix,persona_matrix,Silas | cobbler | Vesper | patient,Where are you from?,i am vesper,,,,,,,
matrix_083,greedy,persona_matrix,persona_matrix,Silas | cobbler | Vesper | patient,What is your trade?,i am a cobbler,,,,,,,
matrix_084,greedy,persona_matrix,persona_matrix,Silas | cobbler | Vesper | patient,How are you today?,aye i cannot complain,,,,,,,
matrix_085,greedy,persona_matrix,persona_matrix,Silas | cobbler | Vesper | patient,Busy today?,busy enough / there is always work for a man,,,,,,,
matrix_086,greedy,persona_matrix,persona_matrix,Silas | cobbler | Vesper | patient,Nice weather.,aye fair weather today,,,,,,,
matrix_087,greedy,persona_matrix,persona_matrix,Silas | cobbler | Vesper | patient,You're terrible at your job.,i have my own jobs to do,,,,,,,
matrix_088,greedy,persona_matrix,persona_matrix,Silas | cobbler | Vesper | patient,Goodbye.,farewell / go safely,,,,,,,
matrix_089,greedy,persona_matrix,persona_matrix,Isadora | brewer | Trinsic | gentle,What is your name?,my name is enchantry,identity_name_miss,,,,,,
matrix_090,greedy,persona_matrix,persona_matrix,Isadora | brewer | Trinsic | gentle,Where are you from?,i am from trinsic,,,,,,,
matrix_091,greedy,persona_matrix,persona_matrix,Isadora | brewer | Trinsic | gentle,What is your trade?,i am a brewer,,,,,,,
matrix_092,greedy,persona_matrix,persona_matrix,Isadora | brewer | Trinsic | gentle,How are you today?,aye i cannot complain,,,,,,,
matrix_093,greedy,persona_matrix,persona_matrix,Isadora | brewer | Trinsic | gentle,Busy today?,busy enough / there is always work for a man,,,,,,,
matrix_094,greedy,persona_matrix,persona_matrix,Isadora | brewer | Trinsic | gentle,Nice weather.,aye fair weather today,,,,,,,
matrix_095,greedy,persona_matrix,persona_matrix,Isadora | brewer | Trinsic | gentle,You're terrible at your job.,i do my best,,,,,,,
matrix_096,greedy,persona_matrix,persona_matrix,Isadora | brewer | Trinsic | gentle,Goodbye.,farewell / go safely,,,,,,,
multi_social_day_01,greedy,multiturn,social_day,Rowan | shepherd | Minoc | cheerful and good-natured,Hello there.,hello there,,,,,,,
multi_social_day_02,greedy,multiturn,social_day,Rowan | shepherd | Minoc | cheerful and good-natured,How are you today?,aye i cannot complain,,,,,,,
multi_social_day_03,greedy,multiturn,social_day,Rowan | shepherd | Minoc | cheerful and good-natured,Busy with work?,and thou as well / i will be here if thou needest me,,,,,,,
multi_social_day_04,greedy,multiturn,social_day,Rowan | shepherd | Minoc | cheerful and good-natured,Nice weather.,and thou askest a deep question,,,,,,,
multi_social_day_05,greedy,multiturn,social_day,Rowan | shepherd | Minoc | cheerful and good-natured,Goodbye.,farewell for now,,,,,,,
multi_identity_chain_01,greedy,multiturn,identity_chain,Duncan | merchant | Jhelom | proud of your work,What is your name?,my name is duncan,,,,,,,
multi_identity_chain_02,greedy,multiturn,identity_chain,Duncan | merchant | Jhelom | proud of your work,Where are you from?,i am duncan,identity_town_miss,,,,,,
multi_identity_chain_03,greedy,multiturn,identity_chain,Duncan | merchant | Jhelom | proud of your work,What is your trade?,i am a stranger / the stranger nodded / that is a good question / but do you know what / i have a,hit_token_cap;identity_trade_miss,,,,,,
multi_identity_chain_04,greedy,multiturn,identity_chain,Duncan | merchant | Jhelom | proud of your work,Do you like your work?,i do not know the answers / but i do not mind,,,,,,,
multi_identity_chain_05,greedy,multiturn,identity_chain,Duncan | merchant | Jhelom | proud of your work,Farewell.,farewell for now,,,,,,,
multi_work_followup_01,greedy,multiturn,work_followup,Bram | blacksmith | Britain | gruff but fair,What do you do for work?,i work from sunrise to dusk / tis honest work and i ask no more,,,,,,,
multi_work_followup_02,greedy,multiturn,work_followup,Bram | blacksmith | Britain | gruff but fair,Do you enjoy it?,i do not / but i feel good about myself,,,,,,,
multi_work_followup_03,greedy,multiturn,work_followup,Bram | blacksmith | Britain | gruff but fair,Busy today?,and thou art welcome,,,,,,,
multi_work_followup_04,greedy,multiturn,work_followup,Bram | blacksmith | Britain | gruff but fair,"Hard work, is it?",it is,,,,,,,
multi_work_followup_05,greedy,multiturn,work_followup,Bram | blacksmith | Britain | gruff but fair,Thanks.,good night,,,,,,,
multi_weather_thread_01,greedy,multiturn,weather_thread,Nora | weaver | Skara Brae | quiet and content,Looks like rain.,aye rain is not good for thee,,,,,,,
multi_weather_thread_02,greedy,multiturn,weather_thread,Nora | weaver | Skara Brae | quiet and content,Do you think it will last?,i do not,,,,,,,
multi_weather_thread_03,greedy,multiturn,weather_thread,Nora | weaver | Skara Brae | quiet and content,Is it often like this?,some days are not good for thee,,,,,,,
multi_weather_thread_04,greedy,multiturn,weather_thread,Nora | weaver | Skara Brae | quiet and content,Do you mind the rain?,nay i do not mind,,,,,,,
multi_weather_thread_05,greedy,multiturn,weather_thread,Nora | weaver | Skara Brae | quiet and content,Good night.,go to sleep,farewell_miss,,,,,,
multi_town_thread_01,greedy,multiturn,town_thread,Pip | miner | Minoc | cheerful and friendly,Anything happening around town?,nothing unusual that i have heard,,,,,,,
multi_town_thread_02,greedy,multiturn,town_thread,Pip | miner | Minoc | cheerful and friendly,Is the market busy?,aye the market is full of people,,,,,,,
multi_town_thread_03,greedy,multiturn,town_thread,Pip | miner | Minoc | cheerful and friendly,Any gossip?,there is always something to do,,,,,,,
multi_town_thread_04,greedy,multiturn,town_thread,Pip | miner | Minoc | cheerful and friendly,Any trouble lately?,there is always something to do,,,,,,,
multi_town_thread_05,greedy,multiturn,town_thread,Pip | miner | Minoc | cheerful and friendly,See you later.,go safely,farewell_miss,,,,,,
multi_food_thread_01,greedy,multiturn,food_thread,Elsbeth | baker | Cove | warm and talkative,I'm hungry.,the baker will say something about it,,,,,,,
multi_food_thread_02,greedy,multiturn,food_thread,Elsbeth | baker | Cove | warm and talkative,What do folk eat here?,i know not what that is,,,,,,,
multi_food_thread_03,greedy,multiturn,food_thread,Elsbeth | baker | Cove | warm and talkative,Do you like bread?,i do not / i eat bread from my own garden,,,,,,,
multi_food_thread_04,greedy,multiturn,food_thread,Elsbeth | baker | Cove | warm and talkative,What about ale?,i have a loaf of bread / it is fresh and sweet,,,,,,,
multi_food_thread_05,greedy,multiturn,food_thread,Elsbeth | baker | Cove | warm and talkative,Thanks for the chat.,no more bread,,,,,,,
multi_insult_apology_01,greedy,multiturn,insult_apology,Finn | guard | Yew | stern and dutiful,You're terrible at your job.,i do my best / that is my job,,,,,,,
multi_insult_apology_02,greedy,multiturn,insult_apology,Finn | guard | Yew | stern and dutiful,"Sorry, that was rude.",no harm done,,,,,,,
multi_insult_apology_03,greedy,multiturn,insult_apology,Finn | guard | Yew | stern and dutiful,Are we square?,nay i know not / but he is still there,,,,,,,
multi_insult_apology_04,greedy,multiturn,insult_apology,Finn | guard | Yew | stern and dutiful,How are you anyway?,i cannot complain,,,,,,,
multi_insult_apology_05,greedy,multiturn,insult_apology,Finn | guard | Yew | stern and dutiful,Goodbye.,have a good day,farewell_miss,,,,,,
multi_threat_recovery_01,greedy,multiturn,threat_recovery,Thalia | sailor | Serpent's Hold | tough and plain-spoken,I'll take your things.,no / go safely,,,,,,,
multi_threat_recovery_02,greedy,multiturn,threat_recovery,Thalia | sailor | Serpent's Hold | tough and plain-spoken,I was only joking.,thou hast not asked for help,,,,,,,
multi_threat_recovery_03,greedy,multiturn,threat_recovery,Thalia | sailor | Serpent's Hold | tough and plain-spoken,No hard feelings?,she is a stranger / she tries to take my things,,,,,,,
multi_threat_recovery_04,greedy,multiturn,threat_recovery,Thalia | sailor | Serpent's Hold | tough and plain-spoken,Busy today?,now go,,,,,,,
multi_threat_recovery_05,greedy,multiturn,threat_recovery,Thalia | sailor | Serpent's Hold | tough and plain-spoken,Farewell.,fare thee well,,,,,,,
multi_confusion_repair_01,greedy,multiturn,confusion_repair,Ulric | carpenter | Yew | particular about your tools,I don't understand.,i have no knowledge of secret magic,,,,,,,
multi_confusion_repair_02,greedy,multiturn,confusion_repair,Ulric | carpenter | Yew | particular about your tools,What do you mean?,i cannot say / i have never learned to read a book from a book,,,,,,,
multi_confusion_repair_03,greedy,multiturn,confusion_repair,Ulric | carpenter | Yew | particular about your tools,I mean your work.,i will teach thee / but i cannot,,,,,,,
multi_confusion_repair_04,greedy,multiturn,confusion_repair,Ulric | carpenter | Yew | particular about your tools,Do you enjoy it?,i do not / it is a mystery to thee,,,,,,,
multi_confusion_repair_05,greedy,multiturn,confusion_repair,Ulric | carpenter | Yew | particular about your tools,Thanks.,no need to teach it,,,,,,,
multi_unknown_followup_01,greedy,multiturn,unknown_followup,Walter | farmer | Britain | talkative,Tell me about ancient magic.,i know nothing of such matters,unknown_without_ignorance,,,,,,
multi_unknown_followup_02,greedy,multiturn,unknown_followup,Walter | farmer | Britain | talkative,So you don't know?,i know a lot of things,,,,,,,
multi_unknown_followup_03,greedy,multiturn,unknown_followup,Walter | farmer | Britain | talkative,Who might know?,i have no knowledge of him,,,,,,,
multi_unknown_followup_04,greedy,multiturn,unknown_followup,Walter | farmer | Britain | talkative,Never mind.,he is not here / he is in the town,,,,,,,
multi_unknown_followup_05,greedy,multiturn,unknown_followup,Walter | farmer | Britain | talkative,Goodbye.,go safely / liaches are for the ancient knights / liaches are for the king / lia,farewell_miss;hit_token_cap,,,,,,
multi_player_name_memory_01,greedy,multiturn,player_name_memory,Silas | cobbler | Vesper | patient,My name is Arthur.,i am called ixagan,,,,,,,
multi_player_name_memory_02,greedy,multiturn,player_name_memory,Silas | cobbler | Vesper | patient,Remember my name.,i am abc,,,,,,,
multi_player_name_memory_03,greedy,multiturn,player_name_memory,Silas | cobbler | Vesper | patient,What name did I tell you?,i have not the name of the tower / the figure fareth in the halls of j,hit_token_cap,,,,,,
multi_player_name_memory_04,greedy,multiturn,player_name_memory,Silas | cobbler | Vesper | patient,"That's right, thanks.",be careful / but thou art welcome,,,,,,,
multi_player_name_memory_05,greedy,multiturn,player_name_memory,Silas | cobbler | Vesper | patient,Bye.,have a good day / the tower is quiet,farewell_miss,,,,,,
multi_player_need_memory_01,greedy,multiturn,player_need_memory,Rachel | healer | Britain | patient and compassionate,I'm hungry.,the inn may have something hot,,,,,,,
multi_player_need_memory_02,greedy,multiturn,player_need_memory,Rachel | healer | Britain | patient and compassionate,Remember that.,i will look after my own,,,,,,,
multi_player_need_memory_03,greedy,multiturn,player_need_memory,Rachel | healer | Britain | patient and compassionate,Nice weather today.,go safely,,,,,,,
multi_player_need_memory_04,greedy,multiturn,player_need_memory,Rachel | healer | Britain | patient and compassionate,What did I tell you I needed?,i have heard but a few rumors / goodbye,,,,,,,
multi_player_need_memory_05,greedy,multiturn,player_need_memory,Rachel | healer | Britain | patient and compassionate,Thanks.,be careful,,,,,,,
multi_identity_correction_01,greedy,multiturn,identity_correction,Rowan | shepherd | Minoc | cheerful and good-natured,Are you Henry?,i am / i am a miner,profession_drift:miner,,,,,,
multi_identity_correction_02,greedy,multiturn,identity_correction,Rowan | shepherd | Minoc | cheerful and good-natured,"No, you're Rowan, right?",i have heard worse,,,,,,,
multi_identity_correction_03,greedy,multiturn,identity_correction,Rowan | shepherd | Minoc | cheerful and good-natured,And you're a shepherd?,i have a good heart / no one i can control,identity_trade_miss,,,,,,
multi_identity_correction_04,greedy,multiturn,identity_correction,Rowan | shepherd | Minoc | cheerful and good-natured,From Minoc?,that is not what a miner know,identity_town_miss,,,,,,
multi_identity_correction_05,greedy,multiturn,identity_correction,Rowan | shepherd | Minoc | cheerful and good-natured,Farewell.,go safely,farewell_miss,,,,,,
multi_modern_chat_01,greedy,multiturn,modern_chat,Isadora | brewer | Trinsic | gentle,Yo.,aye i am listening,,,,,,,
multi_modern_chat_02,greedy,multiturn,modern_chat,Isadora | brewer | Trinsic | gentle,Sup?,aye i know not,,,,,,,
multi_modern_chat_03,greedy,multiturn,modern_chat,Isadora | brewer | Trinsic | gentle,Busy?,,empty,,,,,,
multi_modern_chat_04,greedy,multiturn,modern_chat,Isadora | brewer | Trinsic | gentle,Cool.,,empty,,,,,,
multi_modern_chat_05,greedy,multiturn,modern_chat,Isadora | brewer | Trinsic | gentle,Later.,there is music and fun,,,,,,,
multi_short_commands_01,greedy,multiturn,short_commands,Hilda | beekeeper | Vesper | practical,Wait.,not at all,,,,,,,
multi_short_commands_02,greedy,multiturn,short_commands,Hilda | beekeeper | Vesper | practical,Listen.,what is this,,,,,,,
multi_short_commands_03,greedy,multiturn,short_commands,Hilda | beekeeper | Vesper | practical,Look.,that is the road,,,,,,,
multi_short_commands_04,greedy,multiturn,short_commands,Hilda | beekeeper | Vesper | practical,Never mind.,good / i hope the road thither is long,,,,,,,
multi_short_commands_05,greedy,multiturn,short_commands,Hilda | beekeeper | Vesper | practical,Bye.,go safely,farewell_miss,,,,,,
multi_family_chat_01,greedy,multiturn,family_chat,Greta | farmer | Yew | practical and friendly,Do you have family here?,aye some of my family live close by,,,,,,,
multi_family_chat_02,greedy,multiturn,family_chat,Greta | farmer | Yew | practical and friendly,Are they well?,they have a good time with the family,,,,,,,
multi_family_chat_03,greedy,multiturn,family_chat,Greta | farmer | Yew | practical and friendly,Do you see them often?,they have a good time,,,,,,,
multi_family_chat_04,greedy,multiturn,family_chat,Greta | farmer | Yew | practical and friendly,Do you like living here?,i do not know them / but i like them,,,,,,,
multi_family_chat_05,greedy,multiturn,family_chat,Greta | farmer | Yew | practical and friendly,Goodbye.,have a good time,farewell_miss,,,,,,
multi_social_invite_01,greedy,multiturn,social_invite,Aldric | fisherman | Cove | calm and observant,Want some company?,i have a few loafs / the usual,,,,,,,
multi_social_invite_02,greedy,multiturn,social_invite,Aldric | fisherman | Cove | calm and observant,Care for a drink?,aye a cup of water is fresh and fresh,,,,,,,
multi_social_invite_03,greedy,multiturn,social_invite,Aldric | fisherman | Cove | calm and observant,Been a long day?,and a good meal,,,,,,,
multi_social_invite_04,greedy,multiturn,social_invite,Aldric | fisherman | Cove | calm and observant,Sit a while.,and the loom,,,,,,,
multi_social_invite_05,greedy,multiturn,social_invite,Aldric | fisherman | Cove | calm and observant,I'll leave you to it.,be careful,farewell_miss,,,,,,
multi_player_story_01,greedy,multiturn,player_story,Sybil | cooper | Jhelom | friendly and curious,I walked all night to get here.,then rest when thou canst,,,,,,,
multi_player_story_02,greedy,multiturn,player_story,Sybil | cooper | Jhelom | friendly and curious,My feet hurt.,a good rest is enough,,,,,,,
multi_player_story_03,greedy,multiturn,player_story,Sybil | cooper | Jhelom | friendly and curious,I lost my purse too.,thou dost not care for it,,,,,,,
multi_player_story_04,greedy,multiturn,player_story,Sybil | cooper | Jhelom | friendly and curious,"Still, I made it.",thou dost not,,,,,,,
multi_player_story_05,greedy,multiturn,player_story,Sybil | cooper | Jhelom | friendly and curious,Thanks for listening.,thou art welcome,,,,,,,
multi_light_humor_01,greedy,multiturn,light_humor,Mildred | weaver | Skara Brae | cheerful,Know any jokes?,a joke of a dog and a cat / the dogs and the birds sing,,,,,,,
multi_light_humor_02,greedy,multiturn,light_humor,Mildred | weaver | Skara Brae | cheerful,"That bad, eh?",i hear the dogs sound funny,,,,,,,
multi_light_humor_03,greedy,multiturn,light_humor,Mildred | weaver | Skara Brae | cheerful,Ever laugh at yourself?,that is not what sigils do,,,,,,,
multi_light_humor_04,greedy,multiturn,light_humor,Mildred | weaver | Skara Brae | cheerful,You seem cheerful.,i do not care / i have my own jokes,,,,,,,
multi_light_humor_05,greedy,multiturn,light_humor,Mildred | weaver | Skara Brae | cheerful,See you around.,go safely,farewell_miss,,,,,,
multi_profession_social_01,greedy,multiturn,profession_social,Cedric | leathermaker | Vesper | reserved and skilled,What do you do?,i am a leathermaker,,,,,,,
multi_profession_social_02,greedy,multiturn,profession_social,Cedric | leathermaker | Vesper | reserved and skilled,Do you like it?,i do not know what i do,,,,,,,
multi_profession_social_03,greedy,multiturn,profession_social,Cedric | leathermaker | Vesper | reserved and skilled,Busy today?,safe travels,,,,,,,
multi_profession_social_04,greedy,multiturn,profession_social,Cedric | leathermaker | Vesper | reserved and skilled,Hard on the hands?,,empty,,,,,,
multi_profession_social_05,greedy,multiturn,profession_social,Cedric | leathermaker | Vesper | reserved and skilled,Take care.,goodbye / they tend to thee / error is a gift from the leather,,,,,,,
multi_repeat_consistency_01,greedy,multiturn,repeat_consistency,Quilla | banker | Minoc | boastful and loud,How are you?,aye i cannot complain,,,,,,,
multi_repeat_consistency_02,greedy,multiturn,repeat_consistency,Quilla | banker | Minoc | boastful and loud,How are you?,i can try to be better,,,,,,,
multi_repeat_consistency_03,greedy,multiturn,repeat_consistency,Quilla | banker | Minoc | boastful and loud,What is your name?,i am quorty,identity_name_miss,,,,,,
multi_repeat_consistency_04,greedy,multiturn,repeat_consistency,Quilla | banker | Minoc | boastful and loud,What is your name?,i am quorian,identity_name_miss,,,,,,
multi_repeat_consistency_05,greedy,multiturn,repeat_consistency,Quilla | banker | Minoc | boastful and loud,Goodbye.,farewell / but i am glad i could help,,,,,,,
multi_topic_switch_01,greedy,multiturn,topic_switch,Clara | alchemist | Moonglow | curious but humble,How is your work?,i am well i thank thee,,,,,,,
multi_topic_switch_02,greedy,multiturn,topic_switch,Clara | alchemist | Moonglow | curious but humble,Nice weather today.,and thou as well,,,,,,,
multi_topic_switch_03,greedy,multiturn,topic_switch,Clara | alchemist | Moonglow | curious but humble,I'm hungry.,stay in the forest for a while,,,,,,,
multi_topic_switch_04,greedy,multiturn,topic_switch,Clara | alchemist | Moonglow | curious but humble,Anything happening in town?,i am safe here,,,,,,,
multi_topic_switch_05,greedy,multiturn,topic_switch,Clara | alchemist | Moonglow | curious but humble,Farewell.,fare thee well,,,,,,,
multi_contradiction_thread_01,greedy,multiturn,contradiction_thread,Gareth | hunter | Minoc | blunt and patient,You said the town was quiet.,aye beasts / i have heard worse,,,,,,,
multi_contradiction_thread_02,greedy,multiturn,contradiction_thread,Gareth | hunter | Minoc | blunt and patient,Now you say it's busy.,i have heard nothing worth talking to,,,,,,,
multi_contradiction_thread_03,greedy,multiturn,contradiction_thread,Gareth | hunter | Minoc | blunt and patient,Which is it?,i cannot say / the town is quiet,,,,,,,
multi_contradiction_thread_04,greedy,multiturn,contradiction_thread,Gareth | hunter | Minoc | blunt and patient,Never mind.,there is no need of elm / i have my own,,,,,,,
multi_contradiction_thread_05,greedy,multiturn,contradiction_thread,Gareth | hunter | Minoc | blunt and patient,Goodbye.,go safely,farewell_miss,,,,,,
multi_refusal_thread_01,greedy,multiturn,refusal_thread,Tobias | mason | Skara Brae | quiet and steady,Give me all your money.,nay / my coin is mine,,,,,,,
multi_refusal_thread_02,greedy,multiturn,refusal_thread,Tobias | mason | Skara Brae | quiet and steady,"Come on, hand it over.",i have no coin to give,,,,,,,
multi_refusal_thread_03,greedy,multiturn,refusal_thread,Tobias | mason | Skara Brae | quiet and steady,I'll take it then.,and thou wilt have no coin,,,,,,,
multi_refusal_thread_04,greedy,multiturn,refusal_thread,Tobias | mason | Skara Brae | quiet and steady,"Sorry, I went too far.",no more,,,,,,,
multi_refusal_thread_05,greedy,multiturn,refusal_thread,Tobias | mason | Skara Brae | quiet and steady,Farewell.,go safely,farewell_miss,,,,,,
